_step,train/code_fm_rel,train/code_fm_band0_rel,train/code_sigreg,val/code_eff_rank,val/ce_tokens,val/ce_tf,perf/tokens_per_sec,perf/peak_mem_reserved_mib
0,,,12.845634460449219,,,,7542.72347036632,10558
20,,,7.6112775802612305,,,,29111.7109899808,11312
40,,,2.755958080291748,,,,31313.451681483406,11312
60,,,4.592587947845459,,,,32173.375422323934,11312
80,,,4.27670431137085,,,,32621.962508422264,11312
100,,,2.7006919384002686,,,,34036.30283045447,11312
120,,,2.332322359085083,,,,33896.63512883589,12312
140,,,2.5900628566741943,,,,33888.05752400653,12314
160,,,2.467038154602051,,,,33803.28022854186,12314
180,,,2.905735731124878,,,,33789.01393278877,12314
200,,,2.4374709129333496,,,,33754.48352816827,12314
220,,,4.704250335693359,,,,33878.898584018534,12314
240,,,2.4848709106445312,,,,33811.485613929726,12314
250,,,,107.22658677097422,6.996008634567261,6.956670069694519,,
260,,,2.873898506164551,,,,33773.20075816038,12314
280,,,2.5814051628112793,,,,33757.925294100656,12434
300,,,1.8255534172058105,,,,33816.85351075585,12434
320,,,2.7835066318511963,,,,33008.98747943685,12434
340,,,2.3465914726257324,,,,33021.80581747879,12434
360,,,2.5469436645507812,,,,33161.01775757817,12434
380,,,2.3040904998779297,,,,33149.92735564019,12434
400,,,2.303224802017212,,,,33111.526078466035,12434
420,,,2.321913480758667,,,,33933.14706124622,12434
440,,,2.4855191707611084,,,,33978.10136295813,12434
460,,,2.8040220737457275,,,,33963.6321866541,12434
480,,,2.3021223545074463,,,,33976.711234926,12434
500,,,5.005258560180664,81.90613726275873,6.816514849662781,5.869921255111694,34005.415549439414,12434
520,,,3.6527585983276367,,,,33981.60721252051,12534
540,,,2.4036142826080322,,,,34003.44194062463,12534
560,,,3.7485737800598145,,,,33954.165779192466,12534
580,,,4.461836814880371,,,,33966.557778756294,12534
600,,,7.016667366027832,,,,33895.791916718284,12534
620,,,2.863524913787842,,,,33696.95536179465,12534
640,,,3.370215654373169,,,,33687.478438472426,12534
660,,,3.048082113265991,,,,33711.450631792264,12534
680,,,2.520550489425659,,,,33702.49876593596,12534
700,,,4.042394161224365,,,,33771.781353901766,12534
720,,,17.56884765625,,,,34032.47636332903,12534
740,,,2.4402458667755127,,,,34004.327678346264,12534
750,,,,78.56888060897171,7.031279373168945,4.242613565921784,,
760,,,4.900141716003418,,,,33936.2842368969,12534
780,,,2.851186752319336,,,,33942.46663410352,12534
800,,,3.213754653930664,,,,33930.23687369788,12534
820,,,3.648585796356201,,,,33907.30557121555,12534
840,,,3.061293601989746,,,,33926.2680862056,12534
860,,,3.761913776397705,,,,33950.24215125819,12534
880,,,2.6696393489837646,,,,33963.30632410171,12534
900,,,4.636691093444824,,,,33952.21286502352,12534
920,,,2.5479819774627686,,,,33918.3138097576,12534
940,,,3.123507499694824,,,,33939.809810662824,12534
960,,,2.865121841430664,,,,33960.89754771012,12534
980,,,2.735741138458252,,,,33971.877919841965,12534
1000,,,3.791592597961426,79.73029421445177,7.292326045036316,2.8258169651031495,33957.5542494184,12534
1020,,,2.380229949951172,,,,33967.91684390222,12534
1040,,,2.8711905479431152,,,,33976.31306184086,12534
1060,,,2.7943334579467773,,,,33987.94658486028,12534
1080,,,3.7547168731689453,,,,33952.46810409578,12534
1100,,,3.021129608154297,,,,33953.540789519844,12534
1120,,,2.974525213241577,,,,33959.973814130295,12534
1140,,,2.9811527729034424,,,,33928.37954747111,12534
1160,,,2.8203344345092773,,,,33875.80243454951,12534
1180,,,2.6296348571777344,,,,33882.25195845426,12534
1200,,,2.61474871635437,,,,33902.82021054688,12534
1220,,,3.9765846729278564,,,,33881.52591947054,12534
1240,,,2.487022876739502,,,,33904.673209485976,12534
1250,,,,89.77178094382496,7.219297695159912,1.6450594186782836,,
1260,,,5.164361000061035,,,,33988.18683687442,12534
1280,,,2.802811622619629,,,,34007.295744256924,12534
1300,,,4.04177188873291,,,,33980.52641696298,12534
1320,,,3.541170597076416,,,,33901.67723810864,12534
1340,,,3.015016555786133,,,,33539.88038525787,12534
1360,,,2.7272839546203613,,,,33464.55325586293,12534
1380,,,2.5294508934020996,,,,33471.765855022364,12534
1400,,,6.194513320922852,,,,33432.08084458529,12534
1420,,,2.7877233028411865,,,,33513.2436179592,12534
1440,,,3.4172630310058594,,,,33873.57343139365,12534
1460,,,2.965080499649048,,,,33943.3893229398,12534
1480,,,3.84564208984375,,,,33941.77455260264,12534
1500,,,2.587955951690674,86.91867376265851,7.941705584526062,1.3651961475610732,34021.81978030462,12534
1520,,,2.5071287155151367,,,,34026.650006408825,12534
1540,,,2.7829830646514893,,,,33982.949385217624,12534
1560,,,4.3352952003479,,,,33891.145344411896,12534
1580,,,2.6125693321228027,,,,33893.70927538108,12534
1600,,,2.945404291152954,,,,33880.14539227351,12534
1620,,,4.253105163574219,,,,33890.06385337843,12534
1640,,,2.8047585487365723,,,,33937.720356211474,12534
1660,,,2.3482048511505127,,,,34019.31258241386,12534
1680,,,3.1256277561187744,,,,33978.016528394415,12534
1700,,,3.802487373352051,,,,33988.29758314128,12534
1720,,,2.908156633377075,,,,33999.732313955305,12534
1740,,,2.19122314453125,,,,33948.09514419772,12534
1750,,,,88.07396517412631,8.020517206192016,1.0377417474985122,,
1760,,,4.893674850463867,,,,33978.39144625583,12534
1780,,,2.2242791652679443,,,,34008.77848853484,12534
1800,,,2.7698402404785156,,,,34004.35731149613,12534
1820,,,3.6622514724731445,,,,34035.12432980612,12534
1840,,,17.221328735351562,,,,34018.16160381339,12534
1860,,,2.146815776824951,,,,33999.37613291944,12534
1880,,,11.49485969543457,,,,33939.398571115875,12534
1900,,,2.795022487640381,,,,33911.21472781463,12534
1920,,,2.6239757537841797,,,,33835.0687809918,12534
1940,,,2.8520946502685547,,,,33830.74685672716,12534
1960,,,6.07536506652832,,,,33720.6066997693,12534
1980,,,2.855707883834839,,,,33728.962437475035,12534
2000,1,1,2.698759078979492,86.36335287137615,8.491468524932861,1.0345546931028367,33485.662324048506,12572
2020,0.840305507183075,0.9723412394523621,3.346426010131836,,,,32754.042797643255,13064
2040,0.7580095529556274,0.9503993988037109,2.7981910705566406,,,,32054.882720293466,13066
2060,0.7214136719703674,0.9447998404502869,3.740377902984619,,,,31334.072440560165,13326
2080,0.7105368971824646,0.9415762424468994,2.60319185256958,,,,30662.60590371572,13326
2100,0.6848400235176086,0.9198627471923828,2.174624443054199,,,,30159.410260446017,13446
2120,0.6800124049186707,0.9208968877792358,2.432314872741699,,,,30151.74452236631,13448
2140,0.6464224457740784,0.8989452123641968,2.2745776176452637,,,,30110.254128380482,13448
2160,0.6426276564598083,0.8838383555412292,2.617952585220337,,,,29949.92662551006,13448
2180,0.6351307034492493,0.8753880858421326,3.2894089221954346,,,,29960.40881345519,13448
2200,0.609652578830719,0.8614034056663513,2.9016671180725098,,,,30002.433408700977,13448
2220,0.6137183308601379,0.8083472847938538,3.162074565887451,,,,29994.83647968075,13448
2240,0.6044473052024841,0.8090579509735107,3.2499663829803467,,,,30014.722380614934,13448
2250,,,,87.3149991618747,9.255387353897095,0.7528023183345794,,
2260,0.5904977917671204,0.7930917143821716,2.899829626083374,,,,30202.84376860217,14428
2280,0.5754410028457642,0.7722022533416748,2.603315830230713,,,,30152.365932610686,14428
2300,0.5771520137786865,0.7645058631896973,2.3087143898010254,,,,30128.65978038792,14428
2320,0.57631516456604,0.7525598406791687,2.1229591369628906,,,,30097.488561342725,14428
2340,0.5476303100585938,0.7325826287269592,2.4937262535095215,,,,30105.718736569062,14428
2360,0.5470314621925354,0.7390844821929932,2.9716262817382812,,,,30087.6301821351,14428
2380,0.532124936580658,0.7068915963172913,2.3137035369873047,,,,30122.981659670346,14428
2400,0.5079649090766907,0.7060202956199646,2.65535306930542,,,,30109.52357115188,14428
2420,0.5072985887527466,0.693157434463501,2.6667182445526123,,,,30146.452167236625,14428
2440,0.4952012300491333,0.6909090280532837,2.486746072769165,,,,30136.911234350628,14428
2460,0.49262410402297974,0.6833520531654358,2.28695011138916,,,,30193.52185020518,14428
2480,0.4901021718978882,0.6700576543807983,3.1971499919891357,,,,30146.202578143297,14428
2500,0.4799656569957733,0.6698999404907227,2.2463839054107666,87.31376628749881,9.57313575744629,0.6771048992872238,30169.463051787287,14428
2520,0.46274664998054504,0.6568383574485779,3.2226099967956543,,,,30164.085109030224,14568
2540,0.4773959219455719,0.6492391228675842,2.3056888580322266,,,,30195.880947031394,14568
2560,0.4500400722026825,0.6441424489021301,2.3303701877593994,,,,30210.234812636685,14568
2580,0.43973493576049805,0.6259793639183044,3.9396212100982666,,,,30237.47785618444,14568
2600,0.43851974606513977,0.6396000385284424,2.953002691268921,,,,30014.64100037919,14568
2620,0.42694297432899475,0.621120810508728,2.372878074645996,,,,30016.5405571672,14568
2640,0.4209330976009369,0.6193510293960571,2.633768081665039,,,,29950.315273953172,14568
2660,0.4008808434009552,0.5797603726387024,29.97821807861328,,,,29925.134817194827,14568
2680,0.41417258977890015,0.5979540348052979,3.0529823303222656,,,,29960.747354940497,14568
2700,0.39477095007896423,0.6122113466262817,3.2190778255462646,,,,30208.99742929318,14568
2720,0.39030423760414124,0.5955348610877991,2.2614283561706543,,,,30215.814150672908,14568
2740,0.4147568643093109,0.6069098114967346,1.978302001953125,,,,30268.077098905727,14568
2750,,,,85.39071565101193,9.931918621063232,0.6998516380786896,,
2760,0.40551531314849854,0.5936323404312134,2.536992311477661,,,,30299.41846736522,14568
2780,0.38646042346954346,0.5822853446006775,3.0396063327789307,,,,30262.37956904845,14568
2800,0.386394739151001,0.5812662243843079,4.767370223999023,,,,30259.412049263534,14568
2820,0.37770333886146545,0.5774015784263611,5.2122721672058105,,,,30175.24878365733,14568
2840,0.38045063614845276,0.5669952630996704,2.558680534362793,,,,29880.06605680488,14568
2860,0.3952467739582062,0.5860459208488464,2.3628945350646973,,,,29880.961056195483,14568
2880,0.37268099188804626,0.5848487615585327,2.817918300628662,,,,29904.528605849384,14568
2900,0.3922666907310486,0.5824329257011414,2.7435879707336426,,,,29909.580425363238,14568
2920,0.39242327213287354,0.5789207816123962,2.4432122707366943,,,,29984.79022638485,14568
2940,0.372784823179245,0.5626276731491089,2.741529703140259,,,,30244.322837810658,14568
2960,0.3772795796394348,0.5604358911514282,2.2348365783691406,,,,30228.52276091965,14568
2980,0.3705306947231293,0.5321860909461975,13.77298355102539,,,,30258.20505748344,14568
3000,0.3543534576892853,0.5433301329612732,3.853342056274414,82.40735946541258,10.093143224716187,0.6364820957183838,29960.35864524787,14568
3020,0.3782232105731964,0.5665526390075684,2.5282702445983887,,,,29956.640820904904,14568
3040,0.3719981610774994,0.5672682523727417,5.022520065307617,,,,29965.664484823457,14568
3060,0.36643731594085693,0.5675032734870911,2.4295246601104736,,,,29977.756331434866,14568
3080,0.355979859828949,0.543694257736206,2.415358304977417,,,,29939.438260149836,14568
3100,0.35394060611724854,0.554057240486145,9.408529281616211,,,,30190.684395522483,14568
3120,0.3564446270465851,0.5588462352752686,4.900359153747559,,,,30201.903053683287,14568
3140,0.3681252896785736,0.5675513744354248,3.9898176193237305,,,,30217.590422401106,14568
3160,0.35422483086586,0.555766224861145,2.290956497192383,,,,30182.007451866975,14568
3180,0.37637051939964294,0.5576180219650269,2.1465187072753906,,,,30210.094326686027,14568
3200,0.3447535037994385,0.5531212091445923,2.812136650085449,,,,30225.629130295863,14568
3220,0.35525426268577576,0.5567392110824585,2.278519630432129,,,,30232.58404444614,14568
3240,0.34336915612220764,0.5448836088180542,2.52275013923645,,,,30213.170703092965,14568
3250,,,,86.12126238780084,10.212921667099,0.5823656171560287,,
3260,0.3470498323440552,0.5424337983131409,3.6471710205078125,,,,30272.43480936094,14568
3280,0.35230425000190735,0.553814172744751,2.28655743598938,,,,30264.060600071127,14568
3300,0.3360293209552765,0.5249496102333069,12.145127296447754,,,,30272.347936398008,14568
3320,0.35201844573020935,0.5497430562973022,2.671046257019043,,,,30278.01537694795,14568
3340,0.35056930780410767,0.5412065982818604,4.329278945922852,,,,30122.93546387428,14568
3360,0.3517342805862427,0.5571762323379517,2.3396949768066406,,,,30096.975916665244,14568
3380,0.3374851644039154,0.5331330299377441,10.186441421508789,,,,30086.279252628057,14568
3400,0.3356255888938904,0.5494675636291504,2.6283082962036133,,,,30116.630474529506,14568
3420,0.3296664357185364,0.5436356067657471,2.2330641746520996,,,,30067.361147993804,14568
3440,0.33398711681365967,0.5454174876213074,2.3250412940979004,,,,30258.390247092506,14568
3460,0.3529827296733856,0.5480767488479614,2.4704861640930176,,,,30244.076114054576,14568
3480,0.34737515449523926,0.5579473972320557,2.7881717681884766,,,,30269.75920395607,14568
3500,0.3430233895778656,0.5223068594932556,9.332125663757324,85.49061315619774,10.562428188323974,0.5727005884051323,30223.489287397995,14568
3520,0.3374651074409485,0.5423084497451782,2.283358573913574,,,,30263.321326143974,14568
3540,0.3290952444076538,0.5512237548828125,2.801060676574707,,,,30233.297298135465,14568
3560,0.3458741009235382,0.5424559712409973,2.4894957542419434,,,,30230.66863343632,14568
3580,0.33670949935913086,0.5463085770606995,2.847883462905884,,,,30232.427471411596,14568
3600,0.33656227588653564,0.5421268343925476,3.588203191757202,,,,30284.127620850228,14568
3620,0.32791969180107117,0.5599740147590637,2.481901168823242,,,,30269.987827911045,14568
3640,0.3299175202846527,0.5374873280525208,2.291585683822632,,,,30297.030656796058,14568
3660,0.34119465947151184,0.5527356266975403,4.791150093078613,,,,30243.67939393135,14568
3680,0.323208749294281,0.5438584685325623,2.3547329902648926,,,,30199.913549660698,14568
3700,0.3244701027870178,0.551335334777832,2.535092353820801,,,,30127.027206679322,14568
3720,0.3615606725215912,0.5569332242012024,2.8878679275512695,,,,30159.79725175278,14568
3740,0.35196927189826965,0.5344648957252502,2.5820651054382324,,,,29933.674961730336,14568
3750,,,,84.00317960406056,10.418761968612671,0.5237575203180314,,
3760,0.3311401605606079,0.5453823804855347,2.2068724632263184,,,,29993.46805951065,14588
3780,0.3278309404850006,0.5412005186080933,2.0363643169403076,,,,30019.999462329608,14588
3800,0.32050275802612305,0.5166675448417664,5.112789630889893,,,,30070.65601958735,14588
3820,0.3354912996292114,0.5321653485298157,2.3432791233062744,,,,30060.142227044515,14588
3840,0.33380985260009766,0.5430037975311279,2.632601261138916,,,,30271.33131797829,14588
3860,0.32409533858299255,0.535018265247345,2.3395752906799316,,,,30279.354898275407,14588
3880,0.32246091961860657,0.49441972374916077,19.0478458404541,,,,30281.304409348555,14588
3900,0.31247973442077637,0.5186164379119873,6.441045761108398,,,,30190.67782444496,14588
3920,0.32759520411491394,0.5491631627082825,2.5077028274536133,,,,30155.42737616878,14588
3940,0.3154086470603943,0.527443528175354,5.9789276123046875,,,,30165.43179861622,14588
3960,0.3247554898262024,0.535000205039978,2.178438186645508,,,,30180.016396058578,14588
3980,0.3232164680957794,0.5275590419769287,2.7735300064086914,,,,30175.58385517502,14588
4000,0.3253040313720703,0.5459998250007629,2.3565664291381836,86.99415181416721,10.600050926208496,0.497247651219368,30268.362069141862,14588
4020,0.33064916729927063,0.5458557605743408,2.1659045219421387,,,,30299.231085119987,14588
4040,0.3553212583065033,0.5414043068885803,2.133249282836914,,,,30186.51344822665,14588
4060,0.3228325843811035,0.5358416438102722,4.446771621704102,,,,30175.808318203464,14588
4080,0.31520602107048035,0.52724289894104,2.3616244792938232,,,,30201.36865930184,14588
4100,0.3079380989074707,0.5390328168869019,2.303500175476074,,,,29925.443740834686,14588
4120,0.3176548182964325,0.5451012253761292,3.241097927093506,,,,29916.032827267296,14588
4140,0.3219357430934906,0.5205883979797363,2.413076877593994,,,,30042.88257540477,14588
4160,0.3267274796962738,0.5516619682312012,2.5037269592285156,,,,30015.68620475817,14588
4180,0.3157653212547302,0.5286526083946228,2.0102853775024414,,,,29994.357625555956,14588
4200,0.3234187066555023,0.5440108180046082,2.3627591133117676,,,,30275.709197050186,14588
4220,0.32040610909461975,0.5391932129859924,2.1191983222961426,,,,30291.003199103907,14588
4240,0.32655608654022217,0.5498265027999878,2.1761908531188965,,,,30278.604776633787,14588
4250,,,,84.54543739276504,10.740241289138794,0.48697164058685305,,
4260,0.3240468502044678,0.524965763092041,3.294973611831665,,,,30302.348834093846,14588
4280,0.3348526656627655,0.540696382522583,2.231126308441162,,,,30293.162976287862,14588
4300,0.3137032091617584,0.5378867983818054,2.557769298553467,,,,30247.852260026768,14588
4320,0.3144102096557617,0.5302500128746033,2.0819625854492188,,,,30243.716191888725,14588
4340,0.33113595843315125,0.5327593088150024,2.7787208557128906,,,,30257.78679518924,14588
4360,0.31513267755508423,0.52686607837677,2.4584269523620605,,,,30180.579511928237,14588
4380,0.32406914234161377,0.5366320610046387,3.514617443084717,,,,30194.316309948197,14588
4400,0.3268985450267792,0.5421757102012634,2.304016590118408,,,,30243.13057907792,14588
4420,0.2987268269062042,0.48558270931243896,19.602079391479492,,,,30242.167010918798,14588
4440,0.3321179449558258,0.53082674741745,6.405149459838867,,,,30051.676601884486,14588
4460,0.3052269220352173,0.5306136012077332,2.3534364700317383,,,,30117.568594497345,14588
4480,0.3251849114894867,0.5235826969146729,2.582944869995117,,,,30093.3124021422,14588
4500,0.31049424409866333,0.5376251935958862,3.888200283050537,88.81683678676413,10.785032176971436,0.4491546005010605,30064.13053573447,14588
4520,0.30540478229522705,0.5263428092002869,2.1991686820983887,,,,30010.99842776013,14588
4540,0.31186503171920776,0.5072609782218933,5.057821273803711,,,,30109.469211863332,14588
4560,0.3177591860294342,0.522824764251709,2.9178147315979004,,,,30111.353187667097,14588
4580,0.3139653503894806,0.5361599326133728,2.1142022609710693,,,,30141.287731249227,14588
4600,0.3352768123149872,0.5434889197349548,1.8628222942352295,,,,30131.545869066045,14588
4620,0.3122119903564453,0.5412222146987915,2.383202075958252,,,,30180.042385692002,14588
4640,0.3095112144947052,0.5353670120239258,2.2367048263549805,,,,30251.229467035908,14588
4660,0.3209898769855499,0.5323466658592224,2.238419532775879,,,,30241.238471064815,14588
4680,0.3318523168563843,0.5465326309204102,1.945328950881958,,,,30218.64928280508,14588
4700,0.332133024930954,0.5203536748886108,4.835018157958984,,,,30200.57360823335,14588
4720,0.3027452826499939,0.5331869125366211,2.445591926574707,,,,30191.868485865984,14588
4740,0.31684786081314087,0.5262495875358582,2.080348491668701,,,,30180.21358337286,14588
4750,,,,87.51184897805442,11.31802225112915,0.5205169349908829,,
4760,0.311989963054657,0.5267744660377502,2.2227587699890137,,,,30197.27182630307,14608
4780,0.3127639889717102,0.5309032797813416,2.270271062850952,,,,30148.855421236804,14608
4800,0.3132515251636505,0.5230016708374023,2.9525258541107178,,,,30174.9079124042,14608
4820,0.3053526282310486,0.5221514105796814,2.075253486633301,,,,30118.227093792208,14608
4840,0.32229527831077576,0.5339416861534119,2.076615333557129,,,,30094.50809074031,14608
4860,0.3272012770175934,0.5190965533256531,3.623720169067383,,,,30065.062176817726,14608
4880,0.3140104115009308,0.527254581451416,2.08980655670166,,,,29910.64583605618,14608
4900,0.3134607970714569,0.5309368968009949,2.0347824096679688,,,,29922.370836125898,14608
4920,0.31391969323158264,0.5251755118370056,2.22627592086792,,,,29825.509094629255,14608
4940,0.29132476449012756,0.47909319400787354,15.395536422729492,,,,29776.322312419856,14608
4960,0.30040478706359863,0.5216612815856934,2.1081252098083496,,,,29789.63105143357,14608
4980,0.3046172261238098,0.5197115540504456,2.941171646118164,,,,30009.59227540379,14608
5000,0.3187166750431061,0.5333730578422546,2.6282501220703125,76.06399270652145,11.362286901473999,0.46144614964723585,30020.261893936397,14608
5020,0.3182779550552368,0.5273191928863525,2.0672998428344727,,,,30149.0004943781,14608
5040,0.3090372681617737,0.5349866151809692,2.26941180229187,,,,30214.36060837593,14608
5060,0.29822665452957153,0.5205789804458618,2.376802921295166,,,,30164.985170759817,14608
5080,0.3204883635044098,0.5226681232452393,2.590200424194336,,,,30020.521368748232,14608
5100,0.3293050527572632,0.5358437299728394,2.1274471282958984,,,,30028.985296158753,14608
5120,0.30998823046684265,0.5246297121047974,3.1430282592773438,,,,30052.322186758385,14608
5140,0.31311675906181335,0.5323525071144104,1.872146487236023,,,,30071.64619785379,14608
5160,0.3215107321739197,0.5329598188400269,2.118117094039917,,,,30097.38980528805,14608
5180,0.3337862491607666,0.5289449095726013,2.1036369800567627,,,,30194.600712152023,14608
5200,0.3151187002658844,0.5058997869491577,2.4603281021118164,,,,29909.782471932165,14608
5220,0.317069411277771,0.5196205973625183,2.4496450424194336,,,,29834.333919444798,14608
5240,0.31247779726982117,0.5173367857933044,12.759244918823242,,,,29801.498259033688,14608
5250,,,,86.28054459462751,11.25438575744629,0.44013268798589705,,
5260,0.3253999650478363,0.5322871208190918,2.8927435874938965,,,,29802.576614214446,14608
5280,0.31496110558509827,0.5316014289855957,2.8044776916503906,,,,29786.898179908116,14608
5300,0.31249183416366577,0.5323992371559143,2.5263874530792236,,,,29968.352938362073,14608
5320,0.3059072494506836,0.5243533253669739,2.486240863800049,,,,29978.326968318604,14608
5340,0.3148590326309204,0.5159953832626343,2.8578548431396484,,,,29988.460200510643,14608
5360,0.29568660259246826,0.5070880651473999,5.021434783935547,,,,29946.782464255753,14608
5380,0.305245041847229,0.5399563312530518,2.597357749938965,,,,29937.875366306984,14608
5400,0.3240900933742523,0.54398512840271,2.2551803588867188,,,,30021.94557499184,14608
5420,0.3231441378593445,0.5301306247711182,2.2727930545806885,,,,30097.528423842545,14608
5440,0.3103712797164917,0.5325043797492981,2.3755836486816406,,,,30105.3980149261,14608
5460,0.31378868222236633,0.5315223336219788,3.033289909362793,,,,30166.753541062164,14608
5480,0.306765615940094,0.5242277383804321,1.9027806520462036,,,,30214.21210578365,14608
5500,0.3190746307373047,0.5349187850952148,2.182229518890381,87.16131861860104,11.435914278030396,0.4256796598434448,30192.380721047153,14608
5520,0.2897546887397766,0.4900595247745514,5.28373384475708,,,,30206.08066135906,14608
5540,0.31659770011901855,0.5113407969474792,2.758496046066284,,,,30020.69985196311,14608
5560,0.3063686490058899,0.521557629108429,2.3764755725860596,,,,29972.658720464337,14608
5580,0.31790024042129517,0.5117560625076294,2.652406692504883,,,,29917.72088413329,14608
5600,0.30041924118995667,0.5231142640113831,2.5802488327026367,,,,29869.451949747305,14608
5620,0.29820314049720764,0.5235154628753662,2.0261569023132324,,,,29830.849924702532,14608
5640,0.29957279562950134,0.5185367465019226,3.852565288543701,,,,30011.18489647493,14608
5660,0.29020723700523376,0.5298281311988831,2.2841248512268066,,,,29983.013183906492,14608
5680,0.3209124207496643,0.5240994691848755,2.1821165084838867,,,,30007.422712628377,14608
5700,0.30895429849624634,0.5327705144882202,2.4235289096832275,,,,30027.601545448255,14608
5720,0.30029767751693726,0.5219407081604004,1.8250248432159424,,,,29972.547461285125,14608
5740,0.2904568016529083,0.510725200176239,5.003875732421875,,,,29942.292442705035,14608
5750,,,,87.92941577962401,11.781979894638061,0.474769826233387,,
5760,0.32364141941070557,0.5352526307106018,3.161360263824463,,,,29976.565561305535,14608
5780,0.3175821602344513,0.5263721346855164,2.2398345470428467,,,,29999.29829705397,14608
5800,0.31339070200920105,0.5259966850280762,1.9982104301452637,,,,30008.73542391686,14608
5820,0.30277085304260254,0.5327631831169128,2.119469165802002,,,,30040.55559404747,14608
5840,0.3137491047382355,0.534175455570221,2.326183795928955,,,,30056.951462796642,14608
5860,0.2930227816104889,0.5075573325157166,2.60821533203125,,,,30025.460202066963,14608
5880,0.29326969385147095,0.511939525604248,2.066467761993408,,,,30005.482439346088,14608
5900,0.2983814477920532,0.5054686069488525,2.848339796066284,,,,30024.562185358373,14608
5920,0.2914327085018158,0.522943913936615,2.146024227142334,,,,30092.286649839563,14608
5940,0.3243371546268463,0.5345835089683533,2.024268627166748,,,,29865.9907450584,14608
5960,0.3125583827495575,0.5115290284156799,2.1305317878723145,,,,29950.749443795936,14608
5980,0.3094134032726288,0.5191746950149536,3.1224851608276367,,,,30011.171559260776,14608
6000,0.3080833852291107,0.5184602737426758,2.56840181350708,87.2429202436781,11.50679087638855,0.428552633523941,30028.41707732363,14608
6020,0.3057624101638794,0.5172516107559204,2.1117238998413086,,,,30001.262467496246,14608
6040,0.29949888586997986,0.5172921419143677,1.9950859546661377,,,,30266.543659058843,14608
6060,0.3148215413093567,0.5353963375091553,2.0961060523986816,,,,30292.05414435562,14608
6080,0.3170239329338074,0.5040340423583984,10.967131614685059,,,,30270.325934554065,14608
6100,0.2881981134414673,0.49791404604911804,4.162273406982422,,,,30296.649645976613,14608
6120,0.30073314905166626,0.521961510181427,2.3366641998291016,,,,30315.794200613964,14608
6140,0.3086211383342743,0.5183504819869995,2.8028244972229004,,,,30308.59527796598,14608
6160,0.31119289994239807,0.5080653429031372,3.513967990875244,,,,30203.712354985008,14608
6180,0.31836801767349243,0.5354474186897278,2.7647950649261475,,,,30181.37622627896,14608
6200,0.3020402193069458,0.518589973449707,2.800489902496338,,,,30160.07170377666,14608
6220,0.29505881667137146,0.5088287591934204,3.0328378677368164,,,,30135.024242536565,14608
6240,0.2904202342033386,0.5127789378166199,2.32706880569458,,,,30144.782322691983,14608
6250,,,,79.72863680573614,11.695359373092652,0.46757295429706575,,
6260,0.29393917322158813,0.5302028656005859,2.5243124961853027,,,,30260.81483535546,14608
6280,0.3090344965457916,0.5317598581314087,2.1012001037597656,,,,30125.474573193955,14608
6300,0.28930047154426575,0.5083523392677307,5.6376142501831055,,,,30099.531962002504,14608
6320,0.33298754692077637,0.5226609706878662,2.1399877071380615,,,,30124.274668863087,14608
6340,0.2973053753376007,0.518315315246582,2.884209394454956,,,,30100.48578653879,14608
6360,0.30614039301872253,0.5128557682037354,2.325300455093384,,,,30011.82881786935,14608
6380,0.30796635150909424,0.5238675475120544,2.8099331855773926,,,,30169.482677661428,14608
6400,0.3049086928367615,0.52381432056427,2.2227182388305664,,,,30165.030691146258,14608
6420,0.31158941984176636,0.5274643301963806,2.269604444503784,,,,29938.304829616158,14608
6440,0.30458757281303406,0.5188090801239014,2.2135987281799316,,,,29954.62018049813,14608
6460,0.3081311881542206,0.529837965965271,2.2462539672851562,,,,29962.139322826566,14608
6480,0.2871803939342499,0.5026721954345703,2.9440250396728516,,,,29965.528930711444,14608
6500,0.31618449091911316,0.520850419998169,1.963853359222412,86.37321987616926,11.66138973236084,0.39510209262371065,29983.389145972633,14608
6520,0.30051252245903015,0.51346755027771,2.5167524814605713,,,,30205.391840000237,14608
6540,0.31181225180625916,0.5385345816612244,2.003648042678833,,,,30214.24488029024,14608
6560,0.31434744596481323,0.5152015089988708,2.733941078186035,,,,30238.524049631294,14608
6580,0.29092714190483093,0.5195891261100769,6.952945709228516,,,,30255.485220932278,14608
6600,0.29719486832618713,0.5257503986358643,2.5281097888946533,,,,30285.56002689372,14608
6620,0.2946107089519501,0.5277453660964966,2.9010937213897705,,,,30244.582876729502,14608
6640,0.28955793380737305,0.5136860609054565,2.927049160003662,,,,30257.40812279283,14608
6660,0.3027656078338623,0.5238655209541321,2.2988011837005615,,,,30208.771694481955,14608
6680,0.29118451476097107,0.5220977067947388,2.0392587184906006,,,,29703.959164479264,14608
6700,0.313119113445282,0.5173608064651489,2.0216050148010254,,,,29691.64810225753,14608
6720,0.30872318148612976,0.5213629603385925,2.469900131225586,,,,29736.457634820807,14608
6740,0.31384027004241943,0.5168349742889404,2.338794708251953,,,,29708.72210220831,14608
6750,,,,90.69245610213349,12.12090244293213,0.39207820892333983,,
6760,0.30108073353767395,0.5217333436012268,1.982433557510376,,,,29801.939259432398,14608
6780,0.3127778172492981,0.5274285674095154,2.0913784503936768,,,,30319.104286587004,14608
6800,0.3070322871208191,0.4977826774120331,3.7114555835723877,,,,30302.880991871592,14608
6820,0.28259801864624023,0.5226340293884277,2.678421974182129,,,,30296.431004721864,14608
6840,0.3065692186355591,0.5181596875190735,2.9468555450439453,,,,30317.047338387463,14608
6860,0.2969060242176056,0.5170707702636719,2.5841662883758545,,,,30268.937143828458,14608
6880,0.31105199456214905,0.5353582501411438,2.027250289916992,,,,30265.828749416076,14608
6900,0.3039717674255371,0.5199994444847107,2.130236864089966,,,,30288.147408573608,14608
6920,0.3003987967967987,0.5096572041511536,2.7485337257385254,,,,30301.27257363101,14608
6940,0.29385605454444885,0.5111619234085083,2.3192806243896484,,,,30323.731823775157,14608
6960,0.2981559932231903,0.505311906337738,2.4060611724853516,,,,30370.70619389834,14608
6980,0.2929648160934448,0.516675591468811,2.424138307571411,,,,30342.55953904084,14608
7000,0.2990506887435913,0.5257613062858582,2.187530040740967,89.38780301447892,12.053993320465088,0.40205791741609576,30331.963376270047,14608
7020,0.30978408455848694,0.5191286206245422,2.458852767944336,,,,30305.647256155185,14668
7040,0.29011696577072144,0.5214829444885254,2.266566753387451,,,,30230.606396452466,14668
7060,0.29596102237701416,0.5117080211639404,2.3531620502471924,,,,30207.863331505483,14668
7080,0.2955452799797058,0.5318859219551086,1.913676142692566,,,,30225.159359338613,14668
7100,0.2987891733646393,0.5087896585464478,2.094728708267212,,,,30226.856036226636,14668
7120,0.2934452295303345,0.5163188576698303,2.26505970954895,,,,30022.550007755286,14668
7140,0.3167199492454529,0.524121880531311,3.728022336959839,,,,30068.46106933363,14668
7160,0.3041137456893921,0.5061343908309937,5.758600234985352,,,,30030.135542339856,14668
7180,0.2908371090888977,0.5257608294487,2.6816277503967285,,,,30009.135018122754,14668
7200,0.28145521879196167,0.5115470290184021,3.08884334564209,,,,30007.748135628208,14668
7220,0.2886446416378021,0.5059680938720703,2.524101495742798,,,,30224.50254568848,14668
7240,0.2967855930328369,0.5150130391120911,2.273588180541992,,,,30138.965375097665,14668
7250,,,,90.39118139955879,12.279276418685914,0.39084869623184204,,
7260,0.30749818682670593,0.5303708910942078,1.9915704727172852,,,,30180.747280445175,14668
7280,0.3113722801208496,0.5323243737220764,2.372058868408203,,,,30198.52207833004,14668
7300,0.28698062896728516,0.5299586057662964,1.9558473825454712,,,,30186.990994339933,14668
7320,0.28952205181121826,0.5023901462554932,3.5983543395996094,,,,30180.08515015451,14668
7340,0.2977258861064911,0.5328077077865601,2.574889659881592,,,,30102.906305781125,14668
7360,0.2976303994655609,0.5186951160430908,2.1250128746032715,,,,30091.14612040524,14668
7380,0.3142332136631012,0.5385711193084717,2.6750380992889404,,,,30094.323390552563,14668
7400,0.2939714193344116,0.5267003178596497,2.61452579498291,,,,30092.49927114501,14668
7420,0.30458080768585205,0.5369464755058289,2.635179281234741,,,,30108.966342953907,14668
7440,0.3057427704334259,0.5180214643478394,2.2428269386291504,,,,30287.53318990302,14668
7460,0.29859042167663574,0.5273417830467224,2.083319664001465,,,,30315.993247339382,14668
7480,0.2190685272216797,0.3840112090110779,62.49684143066406,,,,30110.051295483827,14668
7500,0.2994789779186249,0.5204904675483704,2.5710561275482178,91.62980762041721,12.0522132396698,0.3931122288107872,29891.856622089057,14668
7520,0.2913646399974823,0.5086011290550232,2.527303695678711,,,,29849.469965294156,14668
7540,0.30700740218162537,0.5156610012054443,2.0786545276641846,,,,29800.86177390559,14668
7560,0.2898786664009094,0.5234953165054321,2.526421070098877,,,,29796.711666205243,14668
7580,0.29575690627098083,0.5252212882041931,2.3179097175598145,,,,29960.544348460753,14668
7600,0.32542720437049866,0.5245614051818848,2.541595935821533,,,,30191.737580991532,14668
7620,0.2890041470527649,0.4959547221660614,2.4841253757476807,,,,30240.336075224805,14668
7640,0.28311336040496826,0.4793279469013214,8.091304779052734,,,,30233.026454997547,14668
7660,0.2905508577823639,0.5053833723068237,2.30035400390625,,,,30223.142721902917,14668
7680,0.28112223744392395,0.5243942737579346,2.640019416809082,,,,30269.818133496734,14668
7700,0.3120877146720886,0.5373281240463257,3.0348927974700928,,,,30285.06831606005,14668
7720,0.31079766154289246,0.5291293263435364,3.0934414863586426,,,,30269.33329877891,14668
7740,0.28698351979255676,0.5036808252334595,6.878592491149902,,,,30316.320619675127,14668
7750,,,,89.0517421260719,12.637997817993163,0.4088688865303993,,
7760,0.2971372902393341,0.5228378176689148,2.3830325603485107,,,,30288.593654414086,14668
7780,0.2920370399951935,0.5091754794120789,2.0049796104431152,,,,30286.463697258998,14668
7800,0.2858828008174896,0.510081946849823,4.708020210266113,,,,30256.778707047328,14668
7820,0.30190107226371765,0.5177872776985168,2.2028043270111084,,,,30175.289512842384,14668
7840,0.2838340699672699,0.5026695132255554,2.8835952281951904,,,,30152.838860436765,14668
7860,0.3267256021499634,0.5155962705612183,1.9316860437393188,,,,30174.992617008502,14668
7880,0.2824724316596985,0.5124788880348206,4.0269880294799805,,,,30165.103387292787,14668
7900,0.2857762277126312,0.5022058486938477,2.3174796104431152,,,,30192.56289282773,14668
7920,0.2920597493648529,0.49761083722114563,2.4744746685028076,,,,30016.31907120067,14668
7940,0.29921063780784607,0.5176899433135986,2.407491683959961,,,,30013.24257782122,14668
7960,0.29572126269340515,0.5012421607971191,4.157802581787109,,,,29970.50193608766,14668
7980,0.2844129800796509,0.5020259618759155,17.579051971435547,,,,29979.339242508322,14668
8000,0.2885824143886566,0.5324426293373108,2.2279677391052246,86.34519968979896,12.46132688522339,0.4129039540886879,29965.63532929881,14668
8020,0.295956552028656,0.5232588052749634,2.3180603981018066,,,,30196.197513535495,14668
8040,0.29778796434402466,0.5068051815032959,2.3210320472717285,,,,30225.554233483475,14668
8060,0.311978280544281,0.5264720916748047,2.1328821182250977,,,,30261.535746759742,14668
8080,0.3063977360725403,0.533316433429718,3.445085048675537,,,,30256.893109822613,14668
8100,0.30220910906791687,0.5184476375579834,2.5223045349121094,,,,30248.886624254053,14668
8120,0.2897707223892212,0.49777114391326904,2.146360397338867,,,,30286.756043567886,14668
8140,0.25433769822120667,0.5048079490661621,4.321962356567383,,,,30188.115537439087,14668
8160,0.30964186787605286,0.5355955958366394,2.173680543899536,,,,30168.625650332753,14668
8180,0.29414165019989014,0.5274642109870911,1.9154303073883057,,,,30072.043077892467,14668
8200,0.2934512197971344,0.5096983909606934,2.0432732105255127,,,,30054.47189105818,14668
8220,0.298417329788208,0.5087444186210632,2.371138095855713,,,,29985.816094712318,14668
8240,0.28300711512565613,0.5078916549682617,2.7896487712860107,,,,29964.31229522631,14668
8250,,,,92.32271980878133,12.730371952056885,0.3752536877989769,,
8260,0.2913734018802643,0.516615629196167,3.071547031402588,,,,30013.119178129076,14668
8280,0.30267879366874695,0.5368034243583679,2.5773301124572754,,,,29839.147064729616,14668
8300,0.2893940806388855,0.5255304574966431,1.9469245672225952,,,,29749.877099582212,14668
8320,0.29493293166160583,0.5194887518882751,2.8855996131896973,,,,29759.449441792516,14668
8340,0.2972269058227539,0.5373953580856323,2.1022982597351074,,,,29828.784242928035,14668
8360,0.2846577763557434,0.5087190270423889,1.9890257120132446,,,,29814.548757689015,14668
8380,0.2957124710083008,0.5091111660003662,2.779092788696289,,,,30055.63732255879,14668
8400,0.22180791199207306,0.41821524500846863,21.74313735961914,,,,30129.302953183727,14668
8420,0.28250735998153687,0.49611592292785645,2.322004795074463,,,,30141.51362886365,14668
8440,0.27443844079971313,0.5070634484291077,2.055368185043335,,,,30135.83189471253,14668
8460,0.3085077702999115,0.5306463241577148,2.0346593856811523,,,,30115.408484872052,14668
8480,0.2931663990020752,0.5133310556411743,2.1976847648620605,,,,30119.474468809865,14668
8500,0.2878846526145935,0.5309264659881592,2.4820051193237305,88.99331283049423,12.741263914108277,0.41216245889663694,30093.8341976173,14668
8520,0.30531877279281616,0.5150846242904663,2.002070903778076,,,,30080.608370863774,14668
8540,0.30082306265830994,0.5192988514900208,13.937143325805664,,,,30132.188172785034,14668
8560,0.30089113116264343,0.5280336141586304,2.132542848587036,,,,30151.094269939866,14668
8580,0.2920522391796112,0.5212306380271912,2.1089704036712646,,,,30161.37530861682,14668
8600,0.3026108741760254,0.5318266153335571,2.2592339515686035,,,,30234.00210001783,14668
8620,0.3052822947502136,0.5292928814888,4.485739707946777,,,,30274.55719295745,14668
8640,0.3011822998523712,0.513391375541687,2.0804309844970703,,,,30258.753197211365,14668
8660,0.29107823967933655,0.51542729139328,2.2377376556396484,,,,30243.154792999594,14668
8680,0.29605013132095337,0.5228716731071472,2.290226459503174,,,,30257.39994753845,14668
8700,0.29682040214538574,0.5228016972541809,2.389470100402832,,,,30249.20169626904,14668
8720,0.3005432188510895,0.5233457088470459,2.7739038467407227,,,,30018.741620925626,14668
8740,0.2879863381385803,0.4896719455718994,17.285032272338867,,,,30013.51760725514,14668
8750,,,,91.36720856143117,12.603672981262207,0.37622769773006437,,
8760,0.2833133637905121,0.5223786234855652,2.233600616455078,,,,30010.39206446708,14668
8780,0.2879509925842285,0.5231515765190125,2.356400966644287,,,,30020.50206768824,14668
8800,0.2687927186489105,0.5117167830467224,2.529289722442627,,,,29889.038694670548,14668
8820,0.29166194796562195,0.5157374143600464,2.1170544624328613,,,,29937.00345966041,14668
8840,0.298420786857605,0.5163798928260803,4.651580810546875,,,,29939.37943125864,14668
8860,0.296321302652359,0.5102940201759338,2.226473093032837,,,,29921.991295391952,14668
8880,0.3141078054904938,0.5232952833175659,2.5103397369384766,,,,29924.679077371537,14668
8900,0.2967051565647125,0.5182507634162903,2.435500144958496,,,,30025.97413529962,14668
8920,0.3036273121833801,0.5130511522293091,2.429870128631592,,,,30225.12489351097,14668
8940,0.3121761977672577,0.5228543281555176,1.9707409143447876,,,,30254.515887060188,14668
8960,0.2979649603366852,0.5208086371421814,2.099660634994507,,,,30295.044983540516,14668
8980,0.2842461168766022,0.5332359075546265,3.4752373695373535,,,,30254.72572600696,14668
9000,0.28103411197662354,0.4905218482017517,3.8513495922088623,92.19842298771002,13.07575855255127,0.38751830011606214,30283.996598007318,14668
9020,0.2918415069580078,0.5058718323707581,9.55842399597168,,,,30259.146398980254,14668
9040,0.30980220437049866,0.5283690690994263,2.2297964096069336,,,,30234.58903393148,14668
9060,0.27602681517601013,0.5128838419914246,2.0155951976776123,,,,30044.134147062847,14668
9080,0.28404393792152405,0.5254862904548645,2.215604782104492,,,,30063.176606741945,14668
9100,0.2880220413208008,0.5001550912857056,1.8754956722259521,,,,30056.04757183003,14668
9120,0.3027806282043457,0.49618634581565857,3.0927186012268066,,,,30086.526355873553,14668
9140,0.3024632930755615,0.5073634386062622,2.163422107696533,,,,30114.89615096545,14668
9160,0.2815760374069214,0.5043030977249146,2.908358097076416,,,,30308.229036971148,14668
9180,0.3074451982975006,0.5277298092842102,5.091282844543457,,,,30313.47658175872,14668
9200,0.27346622943878174,0.5178537964820862,2.4325404167175293,,,,30317.421744934378,14668
9220,0.293010950088501,0.5195522308349609,1.994201898574829,,,,30302.543797939863,14668
9240,0.2729012370109558,0.5213423371315002,1.9286410808563232,,,,30288.988404609903,14668
9250,,,,88.16616665346825,13.010520744323731,0.3905960023403168,,
9260,0.2903483510017395,0.5079213976860046,2.2610836029052734,,,,30307.502850600504,14668
9280,0.2807309329509735,0.52488774061203,2.1087255477905273,,,,30309.894787166537,14668
9300,0.28981637954711914,0.5236430168151855,1.887115716934204,,,,30311.826277943605,14668
9320,0.29014599323272705,0.5231017470359802,1.795912742614746,,,,30225.29571849339,14668
9340,0.2973058521747589,0.5034964084625244,2.236879825592041,,,,30169.48448230908,14668
9360,0.2963959872722626,0.5023942589759827,2.424830436706543,,,,30083.881776127317,14668
9380,0.2981022298336029,0.5219346880912781,2.450439214706421,,,,29939.91067383242,14668
9400,0.28914839029312134,0.5120586156845093,2.6097288131713867,,,,29892.75588861302,14668
9420,0.2682686746120453,0.5139556527137756,3.0783228874206543,,,,29946.923909443733,14668
9440,0.2623964548110962,0.4985966980457306,3.8651537895202637,,,,29935.810705127777,14668
9460,0.29498887062072754,0.5213972330093384,2.9574880599975586,,,,29925.4029743805,14668
9480,0.2980021834373474,0.5200313925743103,2.869804859161377,,,,29790.47669522888,14668
9500,0.2944548428058624,0.5266081094741821,3.729323625564575,87.23439461630558,13.373213481903075,0.39442814588546754,29882.3962461116,14668
9520,0.2823602855205536,0.5158382654190063,2.0420355796813965,,,,29911.495110908487,14668
9540,0.2929655611515045,0.5177444219589233,1.929638385772705,,,,29983.950043214776,14668
9560,0.27326878905296326,0.5134701132774353,2.0972487926483154,,,,30051.17634393293,14668
9580,0.28791120648384094,0.5229407548904419,2.275402307510376,,,,30337.444211515314,14668
9600,0.28928160667419434,0.517639696598053,2.125515937805176,,,,30306.32681567109,14668
9620,0.2850586473941803,0.49835404753685,2.0986809730529785,,,,30299.229644821622,14668
9640,0.28906774520874023,0.4899525046348572,1.970750093460083,,,,30261.918873341645,14668
9660,0.3082895874977112,0.5035797953605652,5.566188812255859,,,,30267.335742588693,14668
9680,0.2909591495990753,0.5106351375579834,1.9343430995941162,,,,30264.764784570172,14668
9700,0.28443267941474915,0.5108842849731445,2.7130935192108154,,,,30277.092633135624,14668
9720,0.2914177179336548,0.490597128868103,2.0943732261657715,,,,30284.479846067545,14668
9740,0.284438818693161,0.5104583501815796,2.2166178226470947,,,,30328.298579349477,14668
9750,,,,77.79897390520395,13.024322319030762,0.40578127056360247,,
9760,0.30450090765953064,0.505118191242218,2.3400542736053467,,,,30341.243984578825,14668
9780,0.24457259476184845,0.46665602922439575,16.829524993896484,,,,30332.67604736857,14668
9800,0.3026425540447235,0.5112138390541077,2.023224115371704,,,,30125.830798845465,14668
9820,0.29185983538627625,0.5257300138473511,2.8763535022735596,,,,30128.004771960426,14668
9840,0.29558736085891724,0.5190500020980835,2.1404383182525635,,,,30047.699369096976,14668
9860,0.2906656563282013,0.5200260877609253,2.023822069168091,,,,29983.30419045162,14668
9880,0.2949381470680237,0.5014894008636475,2.084747314453125,,,,29974.363848618774,14668
9900,0.28328171372413635,0.5138558149337769,1.7680715322494507,,,,30155.680887718165,14668
9920,0.3024098575115204,0.5233681201934814,2.525846242904663,,,,30105.83213003495,14668
9940,0.27973395586013794,0.5041184425354004,2.162358283996582,,,,30169.143868893698,14668
9960,0.28771865367889404,0.5007303953170776,2.2213196754455566,,,,30221.510898756314,14668
9980,0.295612633228302,0.509586751461029,2.1620802879333496,,,,30239.55896698656,14668
10000,0.2902831435203552,0.5207746624946594,2.299999237060547,85.78588077466559,12.538185787200927,0.41331454217433927,30183.503970005833,14668
10020,0.252823144197464,0.49779465794563293,4.435352325439453,,,,28648.152365606584,14668
10040,0.29587307572364807,0.49038711190223694,6.816693305969238,,,,27262.58464928445,14668
10060,0.3137161433696747,0.4966963231563568,8.457124710083008,,,,25968.953890585683,14668
10080,0.30675849318504333,0.4862005412578583,6.911947250366211,,,,24816.962333146173,14668
10100,0.32751455903053284,0.505403459072113,7.09638786315918,,,,23806.362178853622,14668
10120,0.3181488811969757,0.5025858283042908,6.683821678161621,,,,23768.775097271235,14668
10140,0.31373974680900574,0.4989217519760132,3.962109088897705,,,,23765.363641548734,14668
10160,0.3123292624950409,0.49186792969703674,5.492206573486328,,,,23770.23368121439,14668
10180,0.311275452375412,0.5165510177612305,4.483588218688965,,,,23774.500699996144,14668
10200,0.31617629528045654,0.5116437077522278,4.040461540222168,,,,23763.963566245555,14668
10220,0.3125688433647156,0.4981357455253601,5.84188175201416,,,,23823.6019718202,14668
10240,0.29539355635643005,0.5011551380157471,4.283300876617432,,,,23668.606345220833,14668
10250,,,,40.375953736623956,5.1774492263793945,0.4366303414106369,,
10260,0.31397145986557007,0.5146404504776001,3.4710536003112793,,,,23682.304585455116,14668
10280,0.2920876741409302,0.515455961227417,3.2426044940948486,,,,23665.56727910782,14668
10300,0.30943527817726135,0.48030102252960205,3.4116435050964355,,,,23619.7144537499,14668
10320,0.3015918731689453,0.49862128496170044,3.7627954483032227,,,,23603.068876925703,14668
10340,0.3168346583843231,0.5047619938850403,3.592888832092285,,,,23736.724015598276,14668
10360,0.3190660774707794,0.5088407397270203,4.279077053070068,,,,23746.102421338524,14668
10380,0.30194926261901855,0.5122584700584412,5.5678815841674805,,,,23738.149645069177,14668
10400,0.3004007637500763,0.48898372054100037,10.611679077148438,,,,23793.02637984147,14668
10420,0.32271808385849,0.5150765776634216,3.970214605331421,,,,23794.388221062178,14668
10440,0.31010860204696655,0.4804142117500305,13.696451187133789,,,,23811.559042929814,14668
10460,0.3105918765068054,0.5031761527061462,3.791440963745117,,,,23794.364664482113,14668
10480,0.3182242214679718,0.5125719904899597,4.066122055053711,,,,23797.96882733702,14668
10500,0.3022456169128418,0.4959082007408142,3.6213836669921875,57.08894412089762,5.250077652931213,0.4332446575164795,23769.52777501042,14668
10520,0.3058221638202667,0.5166906714439392,4.17692756652832,,,,23781.14415729647,14668
10540,0.3080475628376007,0.5166953802108765,3.4514217376708984,,,,23743.81327749895,14668
10560,0.3102646768093109,0.5220960378646851,3.304511070251465,,,,23727.77628267058,14668
10580,0.31517356634140015,0.5064446926116943,3.3868744373321533,,,,23733.641535660976,14668
10600,0.27105647325515747,0.48494333028793335,15.399877548217773,,,,23555.064634691287,14668
10620,0.3106575608253479,0.5158208608627319,2.7722811698913574,,,,23512.223902216916,14668
10640,0.30388814210891724,0.5092496871948242,2.9757394790649414,,,,23527.103513007867,14668
10660,0.28931936621665955,0.5002981424331665,3.0528836250305176,,,,23550.1868035948,14668
10680,0.31104424595832825,0.5253636837005615,3.4923174381256104,,,,23547.44587032202,14668
10700,0.2942284345626831,0.5105416774749756,3.226536273956299,,,,23745.032918813245,14668
10720,0.30183419585227966,0.5032722353935242,4.809673309326172,,,,23790.145468874674,14668
10740,0.3030439615249634,0.5012553930282593,3.0472636222839355,,,,23813.98098257477,14668
10750,,,,62.96248105219771,5.171042537689209,0.4573975920677185,,
10760,0.32232362031936646,0.5226219296455383,4.789353370666504,,,,23801.607655663676,14668
10780,0.3182983696460724,0.5057985186576843,2.991364002227783,,,,23814.904085072954,14668
10800,0.2755206823348999,0.5077274441719055,3.189574956893921,,,,23793.88126530008,14668
10820,0.3247777819633484,0.5208789706230164,3.7657246589660645,,,,23766.53782266264,14668
10840,0.28502944111824036,0.5026342272758484,4.547540664672852,,,,23758.515569548457,14668
10860,0.3138415217399597,0.4937449097633362,2.987490653991699,,,,23755.490719409914,14668
10880,0.30399268865585327,0.5069137215614319,2.8350820541381836,,,,23708.728621256538,14668
10900,0.28862711787223816,0.49792999029159546,7.6176910400390625,,,,23725.869174801952,14668
10920,0.2908509075641632,0.5096648931503296,2.9848690032958984,,,,23750.49347901102,14668
10940,0.28426051139831543,0.5006014704704285,3.4378325939178467,,,,23599.202646861904,14668
10960,0.2907988727092743,0.519109845161438,2.370306968688965,,,,23609.2365151869,14668
10980,0.31695255637168884,0.5171478986740112,2.622164726257324,,,,23646.525566042605,14668
11000,0.28753533959388733,0.5076310038566589,2.8879971504211426,61.54986103853156,5.1563232421875,0.46541137248277664,23645.223134469106,14668
11020,0.2929791808128357,0.5118223428726196,2.454042434692383,,,,23487.963211017894,14668
11040,0.29260963201522827,0.5211178660392761,2.673173427581787,,,,23647.291852594408,14668
11060,0.30188190937042236,0.507568359375,2.3817477226257324,,,,23651.376341576994,14668
11080,0.2645646631717682,0.4811286926269531,3.8744735717773438,,,,23633.14974578581,14668
11100,0.29621458053588867,0.5040863156318665,2.7224082946777344,,,,23634.475587314297,14668
11120,0.28964418172836304,0.5145779848098755,2.5651984214782715,,,,23779.411946292246,14668
11140,0.3031599521636963,0.505986213684082,3.0659923553466797,,,,23773.032378986965,14668
11160,0.2885992228984833,0.5172374248504639,2.2918167114257812,,,,23771.119796476283,14668
11180,0.2822772264480591,0.505237340927124,3.185617208480835,,,,23793.871169434395,14668
11200,0.2896210849285126,0.4881736636161804,4.493671417236328,,,,23730.310089020837,14668
11220,0.29863300919532776,0.4952721893787384,2.497587203979492,,,,23749.25591595126,14668
11240,0.2924477458000183,0.5075098276138306,2.447883129119873,,,,23735.081890710564,14668
11250,,,,68.36770791044412,5.030961656570435,0.3963491916656494,,
11260,0.2981508672237396,0.5084795951843262,2.6883249282836914,,,,23739.48438509282,14668
11280,0.2838413119316101,0.5046794414520264,2.8601233959198,,,,23727.84990576687,14668
11300,0.29080313444137573,0.49376991391181946,2.8125126361846924,,,,23802.32618501975,14668
11320,0.28596729040145874,0.4952393174171448,2.7516188621520996,,,,23744.648177083032,14668
11340,0.2807880938053131,0.5081782341003418,2.750154972076416,,,,23766.504614996455,14668
11360,0.25155332684516907,0.47202304005622864,4.01126766204834,,,,23737.161088617446,14668
11380,0.27884557843208313,0.4936646521091461,2.573732376098633,,,,23613.237931212025,14668
11400,0.2834361493587494,0.4969443082809448,2.6786608695983887,,,,23624.13582713272,14668
11420,0.2758055031299591,0.5031710863113403,2.7238149642944336,,,,23675.838135524264,14668
11440,0.28574708104133606,0.4885733127593994,2.56113338470459,,,,23673.62747844374,14668
11460,0.2900902032852173,0.5205100178718567,2.4697561264038086,,,,23650.17093802218,14668
11480,0.2793146073818207,0.5191972851753235,2.887899875640869,,,,23765.078273243867,14668
11500,0.27826711535453796,0.49666348099708557,3.5141499042510986,71.25487539214627,5.071494126319886,0.41075119376182556,23754.350080865,14668
11520,0.2758409082889557,0.5015817284584045,2.992210865020752,,,,23750.049529349468,14668
11540,0.2862493693828583,0.5064864754676819,2.347090244293213,,,,23754.50876202024,14668
11560,0.28387054800987244,0.5039787292480469,5.220908164978027,,,,23808.761809389158,14668
11580,0.2850770056247711,0.5007915496826172,2.28696870803833,,,,23763.082178203404,14668
11600,0.2979694902896881,0.4849080443382263,2.778352737426758,,,,23756.17677960312,14668
11620,0.28129011392593384,0.5129272937774658,2.761054515838623,,,,23760.594637415146,14668
11640,0.27615517377853394,0.4893055260181427,3.4142026901245117,,,,23722.957240257427,14668
11660,0.275633305311203,0.49340716004371643,2.308366298675537,,,,23693.47147289786,14668
11680,0.272902250289917,0.496294766664505,3.022749185562134,,,,23738.441897541772,14668
11700,0.2670181095600128,0.49900874495506287,2.281311511993408,,,,23744.78983273555,14668
11720,0.28717461228370667,0.49129873514175415,3.5524277687072754,,,,23743.280773391838,14668
11740,0.2858423590660095,0.5007095336914062,2.442065954208374,,,,23776.45853663415,14668
11750,,,,69.44566379552239,4.803942036628723,0.3873572498559952,,
11760,0.28147611021995544,0.5043448209762573,2.341628074645996,,,,23820.485372424926,14668
11780,0.2621925473213196,0.47898998856544495,3.6787686347961426,,,,23829.269243428884,14668
11800,0.2825147211551666,0.5057316422462463,2.2857747077941895,,,,23810.131976774555,14668
11820,0.28993016481399536,0.48756036162376404,2.454742431640625,,,,23677.31247182198,14668
11840,0.27019503712654114,0.4994138181209564,2.964850664138794,,,,23657.77675904419,14668
11860,0.2775862216949463,0.47484275698661804,3.544248104095459,,,,23639.50407667784,14668
11880,0.2967280447483063,0.5037165284156799,2.7788710594177246,,,,23649.925950928187,14668
11900,0.28113502264022827,0.4983135461807251,2.3740034103393555,,,,23682.88422598049,14668
11920,0.2847058176994324,0.49818891286849976,2.490797281265259,,,,23810.090867673112,14668
11940,0.27633732557296753,0.505850613117218,3.262814521789551,,,,23822.134128363403,14668
11960,0.28073355555534363,0.49515584111213684,2.2606983184814453,,,,23826.20443362494,14668
11980,0.281199187040329,0.49235889315605164,2.6462583541870117,,,,23733.968190346874,14668
12000,0.2906876802444458,0.4966619312763214,3.478181838989258,69.93168915373764,4.955273079872131,0.4231517300009727,23726.44540730284,14668
12020,0.28382977843284607,0.508051335811615,2.3172569274902344,,,,23720.28103825399,14668
12040,0.27612626552581787,0.513390064239502,2.739718198776245,,,,23722.513752357292,14668
12060,0.2756024897098541,0.5020819306373596,2.9974615573883057,,,,23680.40821324681,14668
12080,0.263264536857605,0.49038419127464294,2.5125904083251953,,,,23775.46234526943,14668
12100,0.27335262298583984,0.4898298978805542,2.4026405811309814,,,,23754.521273791284,14668
12120,0.2803783714771271,0.49360212683677673,3.248764991760254,,,,23744.23377356054,14668
12140,0.2651548683643341,0.4961334466934204,2.546950101852417,,,,23743.17697335386,14668
12160,0.2925325036048889,0.507932186126709,2.398317813873291,,,,23779.555562476315,14668
12180,0.2911108136177063,0.5064770579338074,2.520137310028076,,,,23768.903920316392,14668
12200,0.25926220417022705,0.48779401183128357,2.648531675338745,,,,23787.282623802246,14668
12220,0.29398831725120544,0.490071564912796,2.7804455757141113,,,,23669.390320909326,14668
12240,0.279545396566391,0.4867333173751831,3.1141180992126465,,,,23669.730948067263,14668
12250,,,,71.79917308171179,4.669608163833618,0.36024023592472076,,
12260,0.29108715057373047,0.4903135895729065,3.4327750205993652,,,,23682.126974197345,15388
12280,0.289767861366272,0.5028496384620667,2.2310373783111572,,,,23682.625660960268,15388
12300,0.26868754625320435,0.47422006726264954,4.224914073944092,,,,23687.388627210214,15388
12320,0.30122289061546326,0.5128346085548401,2.9612412452697754,,,,23840.66393113186,15388
12340,0.2781895399093628,0.5134512782096863,2.8271403312683105,,,,23840.015990229087,15388
12360,0.27442294359207153,0.5023258924484253,2.3202621936798096,,,,23825.019371819926,15388
12380,0.2844744324684143,0.5003689527511597,2.574152946472168,,,,23823.950813247815,15388
12400,0.25585684180259705,0.48106685280799866,3.339151382446289,,,,23818.54046610036,15388
12420,0.26221534609794617,0.5012944340705872,2.5274271965026855,,,,23798.450000807647,15388
12440,0.2775861918926239,0.5085676312446594,3.026336193084717,,,,23797.860497894882,15388
12460,0.2837308347225189,0.49611127376556396,2.5689282417297363,,,,23788.64139950162,15388
12480,0.2781280279159546,0.5026593208312988,2.4902894496917725,,,,23798.796118950566,15388
12500,0.29336994886398315,0.4970989525318146,2.7216780185699463,69.04635040088473,4.7671960353851315,0.3891733348369598,23743.509677388178,15388
12520,0.2671968936920166,0.5019274950027466,2.633254051208496,,,,23749.19600156841,15388
12540,0.2678077220916748,0.4677030146121979,2.139014959335327,,,,23755.26123405945,15388
12560,0.28140753507614136,0.4945250153541565,9.11994457244873,,,,23763.778137170608,15388
12580,0.2786334455013275,0.4796278774738312,4.1580491065979,,,,23635.79879751295,15388
12600,0.29626989364624023,0.5160922408103943,3.1060397624969482,,,,23694.725547665043,15388
12620,0.2697908878326416,0.49431896209716797,2.851301670074463,,,,23688.82300925877,15388
12640,0.260492742061615,0.4738219678401947,4.447005271911621,,,,23661.775404756725,15388
12660,0.25762057304382324,0.45016130805015564,11.292228698730469,,,,23661.775748471824,15388
12680,0.284469336271286,0.4962039291858673,2.395895004272461,,,,23795.62623858699,15388
12700,0.2804262638092041,0.5112578272819519,2.155038356781006,,,,23804.029710388586,15388
12720,0.27103862166404724,0.48305124044418335,2.910615921020508,,,,23781.406642967624,15388
12740,0.2800566852092743,0.5018820762634277,2.4291133880615234,,,,23743.620229865483,15388
12750,,,,72.80172675516859,4.719367837905883,0.382465797662735,,
12760,0.2954275906085968,0.4972209930419922,2.1210527420043945,,,,23767.843024568738,15388
12780,0.2630903720855713,0.4596336781978607,2.557086706161499,,,,23764.253221825,15388
12800,0.27685311436653137,0.495453417301178,2.2251534461975098,,,,23701.35437565297,15388
12820,0.2738679349422455,0.5035102963447571,2.6752982139587402,,,,23582.644480175386,15388
12840,0.2885756492614746,0.5127145648002625,2.9027721881866455,,,,23637.385651888253,15388
12860,0.2823947072029114,0.502067506313324,2.063952922821045,,,,23626.627565036637,15388
12880,0.2631980776786804,0.48686516284942627,2.433359146118164,,,,23627.242978922903,15388
12900,0.27876967191696167,0.5004760026931763,2.4194531440734863,,,,23688.337884541983,15388
12920,0.2697729170322418,0.5066395401954651,2.568359136581421,,,,23817.060458711087,15388
12940,0.273505300283432,0.5048937797546387,2.3127708435058594,,,,23798.430212341795,15388
12960,0.30343177914619446,0.5013501644134521,2.7595198154449463,,,,23790.602216232015,15388
12980,0.2621667683124542,0.4896116256713867,2.733586311340332,,,,23756.867555023033,15388
13000,0.2711416780948639,0.4919421374797821,2.7573866844177246,69.20737217641518,4.76676914691925,0.40603816211223603,23702.54888874361,15388
13020,0.287480890750885,0.49809300899505615,2.527796745300293,,,,23604.811713066258,15388
13040,0.27224022150039673,0.4932878315448761,2.2433316707611084,,,,23625.76735369747,15388
13060,0.26350879669189453,0.4927818477153778,2.665217399597168,,,,23622.830335400617,15388
13080,0.2536050081253052,0.4713991582393646,2.2617745399475098,,,,23671.089584043923,15388
13100,0.27699077129364014,0.48806244134902954,2.4966063499450684,,,,23681.455106544472,15388
13120,0.26520001888275146,0.4901083707809448,2.34251070022583,,,,23828.278737502595,15388
13140,0.2803938388824463,0.4963415563106537,2.465208053588867,,,,23816.428446344213,15388
13160,0.27802813053131104,0.496270090341568,2.399169445037842,,,,23822.161546877556,15388
13180,0.27138271927833557,0.49293211102485657,2.5339672565460205,,,,23804.539796017176,15388
13200,0.25258293747901917,0.48149606585502625,2.2992472648620605,,,,23836.87606752291,15388
13220,0.26957130432128906,0.4959361255168915,2.4210591316223145,,,,23825.319519761706,15388
13240,0.28017404675483704,0.480261892080307,2.5103113651275635,,,,23840.726918454762,15388
13250,,,,71.67284048802458,4.79687192440033,0.4260696992278099,,
13260,0.2748984396457672,0.48264652490615845,2.653690814971924,,,,23841.236742836314,15388
13280,0.26538124680519104,0.44887247681617737,13.22242546081543,,,,23829.579721263395,15388
13300,0.2758706510066986,0.49831971526145935,2.634552001953125,,,,23761.325363364595,15388
13320,0.2628517746925354,0.4913330674171448,2.3007969856262207,,,,23761.47397390612,15388
13340,0.2757307291030884,0.49012333154678345,2.540156364440918,,,,23755.814186006464,15388
13360,0.2983422577381134,0.4928843379020691,2.472775459289551,,,,23748.962851907898,15388
13380,0.2703467905521393,0.47504764795303345,3.454531192779541,,,,23768.034780842285,15388
13400,0.2581316828727722,0.48731938004493713,2.2558693885803223,,,,23766.9614594051,15388
13420,0.2615536153316498,0.4834774136543274,2.300957679748535,,,,23742.14181716682,15388
13440,0.27334582805633545,0.48469194769859314,2.782609701156616,,,,23624.864125947097,15388
13460,0.27088817954063416,0.48799169063568115,2.4843902587890625,,,,23571.420907335545,15388
13480,0.2654174566268921,0.4833468198776245,2.9597578048706055,,,,23558.922114862846,15388
13500,0.2882344126701355,0.5021179914474487,2.147087812423706,72.84300328715547,4.843710255622864,0.42683473527431487,23603.61848913692,15388
13520,0.2770138680934906,0.5014578700065613,2.415032386779785,,,,23607.824230730675,15388
13540,0.2838171422481537,0.5080748200416565,2.412360668182373,,,,23710.984348340928,15388
13560,0.25874367356300354,0.4473101496696472,8.694607734680176,,,,23744.045813519515,15388
13580,0.259885311126709,0.48030272126197815,3.2368764877319336,,,,23714.532432596192,15388
13600,0.24754779040813446,0.46363669633865356,7.345510005950928,,,,23732.79429603032,15388
13620,0.27035626769065857,0.5024509429931641,2.610008478164673,,,,23728.38173799381,15388
13640,0.26593726873397827,0.4971860349178314,3.078841209411621,,,,23742.565230197044,15388
13660,0.2847364842891693,0.5070134997367859,3.488369941711426,,,,23746.552737660048,15388
13680,0.27530691027641296,0.48851537704467773,2.30855655670166,,,,23776.3182634085,15388
13700,0.28168317675590515,0.49973616003990173,2.825209379196167,,,,23744.762074123133,15388
13720,0.2542724907398224,0.4523741900920868,22.20462417602539,,,,23762.628513118125,15388
13740,0.2667606472969055,0.4732820391654968,2.7106194496154785,,,,23748.36360930222,15388
13750,,,,73.05036465107995,4.893626284599304,0.48457302451133727,,
13760,0.26878854632377625,0.4829176664352417,2.9161839485168457,,,,23767.35365442855,15388
13780,0.2601792812347412,0.49093687534332275,3.0923826694488525,,,,23751.561543683536,15388
13800,0.2733954191207886,0.4860665202140808,4.46884298324585,,,,23790.110937722442,15388
13820,0.2861146330833435,0.48490023612976074,2.199486255645752,,,,23786.867231469765,15388
13840,0.27873581647872925,0.5074864625930786,2.094327449798584,,,,23664.66777196287,15388
13860,0.28861004114151,0.5094899535179138,2.4702868461608887,,,,23649.13264297149,15388
13880,0.2752848267555237,0.4801400899887085,2.6443331241607666,,,,23673.97257919701,15388
13900,0.26567164063453674,0.47821149230003357,2.1703243255615234,,,,23614.72148277649,15388
13920,0.2615584135055542,0.47567659616470337,2.261953353881836,,,,23589.084458016856,15388
13940,0.2858988344669342,0.489857017993927,4.816279888153076,,,,23690.834799963322,15388
13960,0.2435092031955719,0.47092196345329285,8.628110885620117,,,,23615.18338754112,15388
13980,0.28785985708236694,0.4965490698814392,2.805616855621338,,,,23567.42081538441,15388
14000,0.25851166248321533,0.4874088764190674,3.7483038902282715,72.94395040884788,4.6763694286346436,0.4472774475812912,23567.93957802963,15388
14020,0.2648397386074066,0.4723321199417114,3.000234842300415,,,,23572.633612260754,15388
14040,0.27424946427345276,0.47934412956237793,2.5218939781188965,,,,23608.965084426425,15388
14060,0.26068389415740967,0.48129552602767944,4.735583305358887,,,,23682.574450532702,15388
14080,0.2652546465396881,0.48238909244537354,3.299570083618164,,,,23698.015975486513,15388
14100,0.2751878798007965,0.48244526982307434,3.1458423137664795,,,,23743.47701301803,15388
14120,0.2800239324569702,0.4914241433143616,3.5738766193389893,,,,23759.73653245739,15388
14140,0.27667707204818726,0.4952292740345001,2.632843017578125,,,,23752.725938714422,15388
14160,0.280621200799942,0.505660891532898,2.359985828399658,,,,23767.84357752769,15388
14180,0.2623060941696167,0.48023802042007446,2.784722328186035,,,,23779.295225134796,15388
14200,0.24925431609153748,0.46610093116760254,2.8857836723327637,,,,23751.016523575352,15388
14220,0.2675972282886505,0.4818246364593506,3.0269269943237305,,,,23754.014694348738,15388
14240,0.24953195452690125,0.500428318977356,2.2193613052368164,,,,23740.645527242606,15388
14250,,,,74.38211202872675,4.622603154182434,0.469958621263504,,
14260,0.26409366726875305,0.502099335193634,2.702732801437378,,,,23614.082930032877,15388
14280,0.25028344988822937,0.47534650564193726,4.020071506500244,,,,23615.869945544473,15388
14300,0.2635788023471832,0.47302109003067017,3.51265287399292,,,,23625.51342585907,15388
14320,0.24642090499401093,0.46928900480270386,7.252315044403076,,,,23564.73513800608,15388
14340,0.2627553939819336,0.4986914396286011,2.0553882122039795,,,,23591.312955239635,15388
14360,0.26326435804367065,0.4619172513484955,2.4659132957458496,,,,23688.57950120408,15388
14380,0.27390623092651367,0.4875134825706482,2.7356860637664795,,,,23706.327146099597,15388
14400,0.2687886953353882,0.4959472119808197,2.6440329551696777,,,,23729.970298362794,15388
14420,0.2620946764945984,0.4802588224411011,4.525233268737793,,,,23792.525975659246,15388
14440,0.2712778151035309,0.475602924823761,2.7794573307037354,,,,23787.70766259599,15388
14460,0.25403663516044617,0.4915507137775421,3.438739776611328,,,,23796.096196647326,15388
14480,0.25864723324775696,0.47085466980934143,6.8742852210998535,,,,23738.977085785744,15388
14500,0.2700614035129547,0.4964887201786041,2.4625182151794434,70.2646110726657,4.640134477615357,0.5293057337403297,23738.99857386714,15388
14520,0.27662193775177,0.4862810969352722,3.295682907104492,,,,23733.389082144935,15388
14540,0.26734459400177,0.4965170621871948,3.6824758052825928,,,,23665.49657292701,15388
14560,0.2576894760131836,0.5039018988609314,2.2489404678344727,,,,23662.791837919853,15388
14580,0.2508961856365204,0.4808714985847473,2.611584424972534,,,,23685.662725568996,15388
14600,0.2646207809448242,0.5024144053459167,2.3051350116729736,,,,23682.945040948543,15388
14620,0.2675391435623169,0.49272364377975464,2.413726329803467,,,,23685.46653202651,15388
14640,0.24781174957752228,0.4505428075790405,2.5892703533172607,,,,23678.3455022212,15388
14660,0.2687974274158478,0.4887758195400238,2.5003175735473633,,,,23706.009820206014,15388
14680,0.2881160378456116,0.5059868693351746,2.2061519622802734,,,,23593.353697085164,15388
14700,0.2762320041656494,0.4814724028110504,2.1884570121765137,,,,23593.244201767215,15388
14720,0.26405957341194153,0.4819490909576416,2.64866304397583,,,,23595.577666744743,15388
14740,0.2689266800880432,0.4922381639480591,2.4586362838745117,,,,23667.767552116886,15388
14750,,,,69.12111954539174,4.660493278503418,0.538367010653019,,
14760,0.2602846324443817,0.48608553409576416,2.1632847785949707,,,,23676.959982883374,15388
14780,0.26930588483810425,0.5074188709259033,2.286642074584961,,,,23829.499645746822,15388
14800,0.2825804352760315,0.4845414459705353,2.271385908126831,,,,23844.5251034761,15388
14820,0.2843506336212158,0.5125736594200134,3.020244598388672,,,,23851.601550474486,15388
14840,0.27436208724975586,0.4901968836784363,2.1450228691101074,,,,23848.21920896405,15388
14860,0.2748487591743469,0.4979848563671112,2.3528218269348145,,,,23811.7899705373,15388
14880,0.2796356678009033,0.4837142527103424,2.121953248977661,,,,23795.541492982276,15388
14900,0.26567941904067993,0.4962233304977417,2.7026419639587402,,,,23783.243224252998,15388
14920,0.27490463852882385,0.47884294390678406,2.8798980712890625,,,,23778.86537388467,15388
14940,0.2453061044216156,0.4726702868938446,10.365640640258789,,,,23782.67562456709,15388
14960,0.2818593680858612,0.4777274429798126,2.594329357147217,,,,23801.21669210004,15388
14980,0.26244187355041504,0.47930997610092163,2.2179794311523438,,,,23811.91246390673,15388
15000,0.2633923292160034,0.4796714782714844,2.4297432899475098,72.00706024930622,4.604373025894165,0.8164169251918793,23809.198230473674,15388
15020,0.2616144120693207,0.4858133792877197,4.197552680969238,,,,23804.057052457225,15388
15040,0.27643269300460815,0.517737627029419,2.215696096420288,,,,23784.95313772558,15388
15060,0.2741642892360687,0.48572614789009094,2.2371554374694824,,,,23648.249046882207,15388
15080,0.27343133091926575,0.48885709047317505,2.397542715072632,,,,23631.883382139462,15388
15100,0.2562935948371887,0.4709815979003906,2.721944808959961,,,,23602.415078974267,15388
15120,0.2719433903694153,0.49304112792015076,2.3105127811431885,,,,23573.21797434213,15388
15140,0.29530301690101624,0.5082079768180847,3.1017303466796875,,,,23547.91289394541,15388
15160,0.28394195437431335,0.5049665570259094,2.143153190612793,,,,23680.728213460672,15388
15180,0.274966835975647,0.48506736755371094,2.2312159538269043,,,,23683.011403166318,15388
15200,0.2586197257041931,0.48915448784828186,2.4305098056793213,,,,23680.842460575368,15388
15220,0.2580707371234894,0.4918725788593292,2.522606372833252,,,,23711.928294554375,15388
15240,0.281046986579895,0.4962768852710724,2.5666661262512207,,,,23757.897740937777,15388
15250,,,,75.05313214365077,4.580148816108704,0.9814635694026947,,
15260,0.2715010941028595,0.49079060554504395,2.676941394805908,,,,23775.231832980095,15388
15280,0.2717144787311554,0.46305766701698303,2.4621026515960693,,,,23780.48631607654,15388
15300,0.2686898708343506,0.4910646080970764,2.4723691940307617,,,,23780.466438105926,15388
15320,0.25881898403167725,0.4914194643497467,2.2540879249572754,,,,23782.538792309933,15388
15340,0.2632024884223938,0.4774729609489441,4.887587547302246,,,,23758.3997253192,15388
15360,0.2800019383430481,0.5001845359802246,3.512197971343994,,,,23742.450649501887,15388
15380,0.2713094651699066,0.48590344190597534,2.5117855072021484,,,,23713.459195686235,15388
15400,0.2833731770515442,0.5018420815467834,2.1992571353912354,,,,23741.70210702172,15388
15420,0.26950401067733765,0.4921152591705322,2.052334785461426,,,,23722.00346346405,15388
15440,0.2716953456401825,0.5180490612983704,2.334191083908081,,,,23703.704265886983,15388
15460,0.26808032393455505,0.48947522044181824,2.1848931312561035,,,,23696.75057183485,15388
15480,0.2616821527481079,0.4784744381904602,2.394348621368408,,,,23673.54534301627,15388
15500,0.26658886671066284,0.47440701723098755,2.2450551986694336,72.86170933741901,4.605264592170715,0.843552154302597,23477.690281754494,15388
15520,0.2549603581428528,0.47300511598587036,3.353565216064453,,,,23442.60556010767,15388
15540,0.26641228795051575,0.49261173605918884,3.183352470397949,,,,23434.68421646479,15388
15560,0.2745632231235504,0.4970426559448242,2.223106861114502,,,,23437.784819228465,15388
15580,0.2691868543624878,0.5013772249221802,2.4415388107299805,,,,23494.155033204337,15388
15600,0.2540190517902374,0.4893583059310913,3.125075340270996,,,,23686.92079713647,15388
15620,0.2797389030456543,0.48590460419654846,3.391618251800537,,,,23738.736572699745,15388
15640,0.28382912278175354,0.5055907368659973,3.0731966495513916,,,,23755.56217651517,15388
15660,0.2582639455795288,0.47429054975509644,2.404202461242676,,,,23752.777896409694,15388
15680,0.2729761004447937,0.49028995633125305,2.207826852798462,,,,23742.854080242592,15388
15700,0.2745283842086792,0.4874308407306671,2.2452688217163086,,,,23753.248547720897,15388
15720,0.260158509016037,0.4799617826938629,2.4723262786865234,,,,23723.90839568743,15388
15740,0.24478679895401,0.45991772413253784,20.90150260925293,,,,23739.236245063526,15388
15750,,,,73.37510844015517,4.744790840148926,0.9269746303558349,,
15760,0.26688799262046814,0.48837172985076904,2.286114454269409,,,,23757.12062355572,15388
15780,0.2639757990837097,0.49811145663261414,1.8853323459625244,,,,23759.756121637507,15388
15800,0.24780768156051636,0.4467381238937378,2.298865795135498,,,,23742.013923173545,15388
15820,0.2608044147491455,0.48342758417129517,2.435845375061035,,,,23775.2825096685,15388
15840,0.27363789081573486,0.496008962392807,2.460394859313965,,,,23791.015388600594,15388
15860,0.2657608091831207,0.4753206968307495,2.239631175994873,,,,23781.72985639689,15388
15880,0.26535776257514954,0.49775803089141846,2.439019203186035,,,,23638.9794118524,15388
15900,0.25919023156166077,0.4859517514705658,2.1233949661254883,,,,23645.56532184915,15388
15920,0.26850858330726624,0.4882873594760895,2.6929564476013184,,,,23578.615831081308,15388
15940,0.2767575681209564,0.48720088601112366,2.0775485038757324,,,,23541.08392507041,15388
15960,0.2836899161338806,0.49759623408317566,2.8520567417144775,,,,23532.714385510277,15388
15980,0.2638966739177704,0.4878228008747101,2.553394079208374,,,,23660.091303704772,15388
16000,0.2797330617904663,0.45998188853263855,3.606229782104492,67.09797863384517,4.446563923358918,0.9603196442127228,23673.084828969055,15388
16020,0.2611437439918518,0.4918781816959381,2.5813655853271484,,,,23737.022421671096,15388
16040,0.26145586371421814,0.48504382371902466,2.3030197620391846,,,,23770.39779387808,15388
16060,0.2866389751434326,0.4983898103237152,2.188749074935913,,,,23778.695334940992,15388
16080,0.2709376811981201,0.5079799294471741,2.152860164642334,,,,23771.335068188277,15388
16100,0.27025657892227173,0.49735888838768005,3.0441081523895264,,,,23751.979830626027,15388
16120,0.25702008605003357,0.4827073812484741,18.46031951904297,,,,23749.475041317477,15388
16140,0.28186798095703125,0.4972890317440033,2.3902931213378906,,,,23730.681836446674,15388
16160,0.26585686206817627,0.47006916999816895,2.3236615657806396,,,,23724.22340490693,15388
16180,0.27464544773101807,0.49898192286491394,2.4518420696258545,,,,23742.652127959893,15388
16200,0.27056676149368286,0.46932917833328247,2.3675320148468018,,,,23752.495311422783,15388
16220,0.2589539587497711,0.48791417479515076,2.809234142303467,,,,23734.13230534833,15388
16240,0.2797289788722992,0.4846011996269226,2.496232509613037,,,,23691.33664819653,15388
16250,,,,68.54967926261338,4.409642589092255,1.0921234726905822,,
16260,0.28007110953330994,0.5078476071357727,2.360927104949951,,,,23716.780562954864,15388
16280,0.2566063702106476,0.4855301082134247,4.053574562072754,,,,23698.940119524967,15388
16300,0.27847182750701904,0.47987717390060425,2.1379706859588623,,,,23699.81613252804,15388
16320,0.24497896432876587,0.4734787046909332,2.6894073486328125,,,,23597.67709529848,15388
16340,0.26571404933929443,0.4948766529560089,2.20709228515625,,,,23631.509510212265,15388
16360,0.2653042674064636,0.4963158071041107,2.17132568359375,,,,23606.70173393309,15388
16380,0.27109307050704956,0.49614250659942627,2.0071053504943848,,,,23623.65352313576,15388
16400,0.26018026471138,0.46546798944473267,2.787550926208496,,,,23634.52053077054,15388
16420,0.26581868529319763,0.49406176805496216,2.3625054359436035,,,,23668.44149288264,15388
16440,0.2538352310657501,0.47338277101516724,2.8148396015167236,,,,23699.59082597441,15388
16460,0.26646891236305237,0.5173239707946777,3.1106200218200684,,,,23709.069058967878,15388
16480,0.2717847526073456,0.4778570532798767,2.318051815032959,,,,23722.145569002205,15388
16500,0.26604387164115906,0.4918440878391266,2.9271726608276367,73.47227426518066,4.706509518623352,0.9960171192884445,23703.585758124842,15388
16520,0.26966822147369385,0.48717179894447327,1.9093387126922607,,,,23769.878083394386,15388
16540,0.28550654649734497,0.5086613893508911,2.1749532222747803,,,,23763.880719962897,15388
16560,0.25863781571388245,0.4565678536891937,14.635279655456543,,,,23719.437460564288,15388
16580,0.2880803644657135,0.500191867351532,2.182267904281616,,,,23686.68326869738,15388
16600,0.28217923641204834,0.4889465570449829,2.581287145614624,,,,23698.420161408998,15388
16620,0.2479906976222992,0.4711804687976837,3.7698206901550293,,,,23701.666180693086,15388
16640,0.267537921667099,0.5094723701477051,2.3044471740722656,,,,23724.955896171254,15388
16660,0.2708807587623596,0.49071985483169556,2.330531597137451,,,,23761.603696064067,15388
16680,0.2357218712568283,0.4498264193534851,3.9046630859375,,,,23783.00247656145,15388
16700,0.2635440230369568,0.4832927882671356,2.1031765937805176,,,,23776.801795247276,15388
16720,0.18204982578754425,0.3425682783126831,107.9031753540039,,,,23609.35216174787,15388
16740,0.25073325634002686,0.47463303804397583,2.230199098587036,,,,23379.648959548864,15388
16750,,,,74.25098706024605,4.5948959469795225,1.2179210484027863,,
16760,0.27241113781929016,0.5064849853515625,2.140221118927002,,,,23382.488184186557,15388
16780,0.27480795979499817,0.49285921454429626,2.7144923210144043,,,,23379.234668394412,15388
16800,0.27813613414764404,0.4933937191963196,3.271044969558716,,,,23395.31297143494,15388
16820,0.2738654315471649,0.4867795407772064,2.317265510559082,,,,23573.92726157295,15388
16840,0.27331286668777466,0.4973401725292206,2.4067153930664062,,,,23734.18587583115,15388
16860,0.2545432150363922,0.49492233991622925,3.571577787399292,,,,23711.438376213147,15388
16880,0.27049311995506287,0.4819316864013672,2.631378650665283,,,,23718.507048230713,15388
16900,0.26570558547973633,0.478665828704834,2.319024085998535,,,,23695.66297116033,15388
16920,0.2667044997215271,0.5122418403625488,2.527651786804199,,,,23701.86372354033,15388
16940,0.2606750428676605,0.461582213640213,2.5020980834960938,,,,23738.194485703887,15388
16960,0.25775831937789917,0.48051971197128296,3.6573381423950195,,,,23759.387006611534,15388
16980,0.2749083638191223,0.5029363036155701,2.0390090942382812,,,,23742.747139810974,15388
17000,0.26244282722473145,0.4936780333518982,2.2147202491760254,70.04411565431401,4.80264139175415,1.4391476333141326,23743.811501052627,15388
17020,0.2788890302181244,0.47411054372787476,3.8168084621429443,,,,23704.896263558054,15388
17040,0.24848921597003937,0.45718568563461304,8.569901466369629,,,,23726.575208715705,15388
17060,0.25902897119522095,0.4766925871372223,2.123368501663208,,,,23716.38320564817,15388
17080,0.30162352323532104,0.4899706244468689,2.053595781326294,,,,23596.217339143663,15388
17100,0.26893317699432373,0.4799043834209442,11.71960735321045,,,,23604.090442575824,15388
17120,0.2759682238101959,0.4929599165916443,2.097235918045044,,,,23621.556885008933,15388
17140,0.24149179458618164,0.461471289396286,2.659090518951416,,,,23609.99649258449,15388
17160,0.2734467387199402,0.4957340657711029,2.677456855773926,,,,23616.443870290932,15388
17180,0.27486711740493774,0.48466798663139343,6.15018367767334,,,,23766.024506617596,15388
17200,0.2558066248893738,0.4893417954444885,2.627202033996582,,,,23758.353595902576,15388
17220,0.26487380266189575,0.46594443917274475,2.4632556438446045,,,,23769.727291913106,15388
17240,0.2526131272315979,0.4781501591205597,6.041407108306885,,,,23764.059796308655,15388
17250,,,,73.80762267280431,4.514128863811493,1.876062524318695,,
17260,0.2760748565196991,0.5045228004455566,2.4580328464508057,,,,23752.299928180735,15388
17280,0.26405593752861023,0.4927383065223694,2.3321452140808105,,,,23739.185920106687,15388
17300,0.2288140505552292,0.4581366181373596,4.282702922821045,,,,23726.032834578527,15388
17320,0.286312460899353,0.4832794964313507,2.215829372406006,,,,23728.927449824507,15388
17340,0.25909534096717834,0.49422624707221985,2.308969497680664,,,,23731.06815442075,15388
17360,0.25463202595710754,0.4590584635734558,2.7028651237487793,,,,23737.12575260044,15388
17380,0.2636362612247467,0.4875507354736328,2.4167866706848145,,,,23729.939472066515,15388
17400,0.2604559361934662,0.4959986209869385,2.584782600402832,,,,23724.775066847513,15388
17420,0.23565854132175446,0.4302178919315338,7.494768142700195,,,,23702.852228088243,15388
17440,0.25947999954223633,0.489105224609375,2.2352938652038574,,,,23710.828127245477,15388
17460,0.25790974497795105,0.47424471378326416,2.030935525894165,,,,23706.859032616885,15388
17480,0.2768400013446808,0.49015456438064575,2.367457866668701,,,,23687.661207834968,15388
17500,0.2683757245540619,0.48805177211761475,2.463919162750244,73.77135130906876,4.588706302642822,1.466503196954727,23673.116127433634,15388
17520,0.2501889169216156,0.4865599274635315,2.2637577056884766,,,,23565.889811552595,15388
17540,0.2566474974155426,0.46662718057632446,3.244575262069702,,,,23560.29584380299,15388
17560,0.2820359468460083,0.4911764860153198,2.280303716659546,,,,23567.90309148057,15388
17580,0.26495465636253357,0.46922722458839417,3.235250473022461,,,,23590.985306120754,15388
17600,0.27288734912872314,0.4964998662471771,2.4398486614227295,,,,23609.127022790693,15388
17620,0.2604871392250061,0.4642930328845978,2.2946858406066895,,,,23717.692951773955,15388
17640,0.2846647799015045,0.4939992129802704,2.2058138847351074,,,,23712.81154341673,15388
17660,0.2660716474056244,0.49181804060935974,2.457711696624756,,,,23718.85147043859,15388
17680,0.2579096257686615,0.48817628622055054,2.4495694637298584,,,,23712.129614133974,15388
17700,0.2556200325489044,0.4799897372722626,3.787778615951538,,,,23710.18023521357,15388
17720,0.2735746502876282,0.509538471698761,3.3358163833618164,,,,23727.692653103666,15388
17740,0.27092790603637695,0.49319249391555786,2.2171192169189453,,,,23732.49735458582,15388
17750,,,,74.3738360246456,4.403279161453247,2.0712795317173005,,
17760,0.27016913890838623,0.49498412013053894,2.5098087787628174,,,,23750.425856300866,15388
17780,0.27929893136024475,0.48883333802223206,2.2513937950134277,,,,23742.98411401976,15388
17800,0.27200907468795776,0.5135013461112976,2.4450669288635254,,,,23725.02158343481,15388
17820,0.2577415704727173,0.48243558406829834,2.8524932861328125,,,,23732.540630478667,15388
17840,0.24784092605113983,0.45351433753967285,8.883200645446777,,,,23724.27286425371,15388
17860,0.26574617624282837,0.462260901927948,2.3268775939941406,,,,23678.585285853707,15388
17880,0.2400369495153427,0.4645313620567322,4.077190399169922,,,,23674.899449621316,15388
17900,0.2521117925643921,0.47170591354370117,2.2277626991271973,,,,23726.1969151599,15388
17920,0.2809027433395386,0.4922017753124237,2.7541961669921875,,,,23726.24715796808,15388
17940,0.2616051137447357,0.4937521517276764,4.28514289855957,,,,23614.335027530717,15388
17960,0.2700539827346802,0.48630020022392273,2.2832794189453125,,,,23584.823059227445,15388
17980,0.2701423168182373,0.4709966480731964,2.1979269981384277,,,,23564.745550240572,15388
18000,0.2606182396411896,0.48461687564849854,2.024745464324951,70.93237006003349,4.55994188785553,1.5039417684078216,23560.261206993302,15388
18020,0.26488474011421204,0.496837317943573,2.262169599533081,,,,23547.703877370786,15388
18040,0.25131773948669434,0.4813396632671356,2.200895309448242,,,,23671.172573231343,15388
18060,0.2568378150463104,0.47716662287712097,2.1732194423675537,,,,23719.009205020153,15388
18080,0.2743639647960663,0.4801734387874603,2.303286075592041,,,,23767.605232770606,15388
18100,0.2693300247192383,0.5048645734786987,2.9458117485046387,,,,23769.90339477819,15388
18120,0.24925191700458527,0.46583208441734314,2.8901901245117188,,,,23787.110509343496,15388
18140,0.255365252494812,0.48076459765434265,2.2796828746795654,,,,23787.69017635495,15388
18160,0.2488330602645874,0.49394509196281433,2.664358615875244,,,,23789.03545836315,15388
18180,0.269729882478714,0.4793306589126587,2.33669376373291,,,,23756.087212160313,15388
18200,0.261442631483078,0.4957271218299866,2.24802303314209,,,,23703.96253315037,15388
18220,0.26496192812919617,0.49463319778442383,2.2779340744018555,,,,23699.977773228686,15388
18240,0.2584165930747986,0.48066845536231995,2.3526744842529297,,,,23704.48021184643,15388
18250,,,,74.31031612642865,4.490060806274414,1.8597570359706879,,
18260,0.26455414295196533,0.4895297884941101,2.020087718963623,,,,23722.52917941589,15388
18280,0.2541811764240265,0.4888557493686676,2.3759889602661133,,,,23740.001913041033,15388
18300,0.2632620334625244,0.4955081045627594,2.3382856845855713,,,,23756.022324129422,15388
18320,0.2425583451986313,0.46540024876594543,3.4772233963012695,,,,23745.884269337956,15388
18340,0.2622729539871216,0.4764310121536255,2.193706512451172,,,,23596.43963032406,15388
18360,0.2707613408565521,0.47631749510765076,2.835891008377075,,,,23567.472079844603,15388
18380,0.2605050802230835,0.4818919003009796,2.1514172554016113,,,,23548.87503830359,15388
18400,0.2598438262939453,0.48265424370765686,2.4636309146881104,,,,23584.337509582885,15388
18420,0.2575760781764984,0.5012996792793274,2.4290027618408203,,,,23593.151246065867,15388
18440,0.2604812979698181,0.47126609086990356,4.30234956741333,,,,23733.33168075255,15388
18460,0.26400482654571533,0.47895389795303345,2.4356720447540283,,,,23757.808503819815,15388
18480,0.25399208068847656,0.47434258460998535,2.9740958213806152,,,,23776.296362803947,15388
18500,0.2541130781173706,0.4745243787765503,3.735201835632324,65.61225689389032,4.440510392189026,1.4036481142044068,23756.757062228433,15388
18520,0.25444576144218445,0.4714575409889221,2.5534121990203857,,,,23735.115927764717,15388
18540,0.27445992827415466,0.5092296600341797,2.433238983154297,,,,23700.009087927807,15388
18560,0.27900123596191406,0.49562111496925354,2.129767894744873,,,,23677.695292002954,15388
18580,0.26018017530441284,0.4720284044742584,2.8174281120300293,,,,23668.113175362505,15388
18600,0.26613277196884155,0.4939155578613281,2.2715253829956055,,,,23649.708542327484,15388
18620,0.25939270853996277,0.5074958801269531,2.106886863708496,,,,23642.011998155573,15388
18640,0.23859070241451263,0.4822520613670349,2.206737518310547,,,,23493.728091898218,15388
18660,0.28069472312927246,0.49765461683273315,2.2604594230651855,,,,23449.07419411712,15388
18680,0.2700222432613373,0.4878166913986206,2.1847286224365234,,,,23442.632627993567,15388
18700,0.24679580330848694,0.4720849394798279,2.664196014404297,,,,23418.125020307743,15388
18720,0.2635200023651123,0.4734814167022705,2.2229018211364746,,,,23422.02368100443,15388
18740,0.250180721282959,0.48633861541748047,2.164504051208496,,,,23433.218745432372,15388
18750,,,,74.64665910824877,4.611644744873047,2.0276244401931764,,
18760,0.2784442901611328,0.4918306767940521,1.9786863327026367,,,,23475.800550804957,15388
18780,0.24329665303230286,0.46199458837509155,3.205549478530884,,,,23466.02191537103,15388
18800,0.26442769169807434,0.4760481119155884,2.507667064666748,,,,23511.796857429872,15388
18820,0.253606379032135,0.47896137833595276,2.035884380340576,,,,23524.472934749083,15388
18840,0.28302255272865295,0.5060358643531799,2.708322525024414,,,,23679.42968529401,15388
18860,0.26559191942214966,0.47991225123405457,2.2598764896392822,,,,23677.613504814988,15388
18880,0.22238598763942719,0.42714616656303406,10.714456558227539,,,,23673.709461312377,15388
18900,0.271520733833313,0.4873179495334625,2.279487133026123,,,,23668.61350520643,15388
18920,0.24107269942760468,0.44838520884513855,3.020022392272949,,,,23664.92246152182,15388
18940,0.25990304350852966,0.4773808717727661,2.704986572265625,,,,23679.652784230355,15388
18960,0.23310504853725433,0.42396119236946106,18.575271606445312,,,,23700.212891240077,15388
18980,0.2668822109699249,0.4835057854652405,2.0699143409729004,,,,23723.534683934588,15388
19000,0.26600000262260437,0.4888835549354553,2.8289170265197754,76.15462347741975,4.447785806655884,2.050197684764862,23737.5497016382,15388
19020,0.28250500559806824,0.47226324677467346,2.3535571098327637,,,,23744.967015142494,15388
19040,0.25723424553871155,0.491010457277298,2.2035155296325684,,,,23754.65003026305,15388
19060,0.2699398100376129,0.5016592741012573,2.133551597595215,,,,23735.262711303927,15388
19080,0.25998014211654663,0.4716494381427765,3.3305113315582275,,,,23749.026287720153,15388
19100,0.2697412967681885,0.4800758361816406,2.5835063457489014,,,,23727.78257472723,15388
19120,0.2741304337978363,0.5066084265708923,2.3340578079223633,,,,23719.97039630649,15388
19140,0.2578038275241852,0.4854919910430908,2.225135564804077,,,,23700.207911175814,15388
19160,0.2482670545578003,0.47934961318969727,3.622272491455078,,,,23597.819584658162,15388
19180,0.25704655051231384,0.48132234811782837,2.2847752571105957,,,,23556.343880000604,15388
19200,0.2405797690153122,0.41374996304512024,22.938867568969727,,,,23572.20853443564,15388
19220,0.2633691430091858,0.5016671419143677,2.687917709350586,,,,23575.900986807254,15388
19240,0.24819909036159515,0.4880993962287903,2.2092394828796387,,,,23601.483716346975,15388
19250,,,,74.64014806135279,4.522515058517456,1.2060729146003724,,
19260,0.26218777894973755,0.4863263964653015,2.202915668487549,,,,23737.78501522283,15388
19280,0.25109851360321045,0.4781099557876587,2.50311541557312,,,,23776.54882397295,15388
19300,0.2477685511112213,0.4750165045261383,2.485314130783081,,,,23773.38422887121,15388
19320,0.23849038779735565,0.44599202275276184,11.534381866455078,,,,23788.15096645653,15388
19340,0.24674192070960999,0.5018211007118225,2.1072731018066406,,,,23758.131536005567,15388
19360,0.2625499963760376,0.49554839730262756,2.0684032440185547,,,,23720.645281511166,15388
19380,0.2440466433763504,0.44974038004875183,3.3498892784118652,,,,23709.097970127772,15388
19400,0.2669772505760193,0.4765107333660126,2.196852207183838,,,,23727.321010844626,15388
19420,0.28579068183898926,0.4948318302631378,1.999274492263794,,,,23720.592762996683,15388
19440,0.25178903341293335,0.4710821509361267,3.554128646850586,,,,23749.97491020205,15388
19460,0.24100986123085022,0.46365901827812195,2.6332175731658936,,,,23781.95009153145,15388
19480,0.26158788800239563,0.4891018867492676,2.560774087905884,,,,23770.39499380154,15388
19500,0.27547740936279297,0.48158127069473267,2.705693006515503,74.44101091681019,4.5865877866744995,1.6905425608158111,23756.46484453117,15388
19520,0.26910167932510376,0.47023913264274597,2.357877492904663,,,,23633.631364262,15388
19540,0.2584743797779083,0.4950433671474457,2.2981948852539062,,,,23631.299018816208,15388
19560,0.2655159831047058,0.47211599349975586,2.0334718227386475,,,,23620.126806428278,15388
19580,0.24684882164001465,0.45931702852249146,2.731802463531494,,,,23630.516300848947,15388
19600,0.27621129155158997,0.49561095237731934,2.094729423522949,,,,23612.6524058938,15388
19620,0.2431722730398178,0.4638095200061798,3.476379871368408,,,,23741.54243513252,15388
19640,0.25086724758148193,0.4792633652687073,2.2159647941589355,,,,23716.405775297193,15388
19660,0.2483808845281601,0.48193714022636414,2.034518241882324,,,,23703.59908353516,15388
19680,0.28765636682510376,0.5077245831489563,13.112465858459473,,,,23700.913336969075,15388
19700,0.26152265071868896,0.4876526892185211,2.2109336853027344,,,,23721.34368446426,15388
19720,0.26140400767326355,0.4759608507156372,2.490176200866699,,,,23696.284206772092,15388
19740,0.24495349824428558,0.4522501826286316,2.4251015186309814,,,,23685.50335947113,15388
19750,,,,73.28440149737033,4.5691149711608885,1.0741867423057556,,
19760,0.23281382024288177,0.448173850774765,9.25051498413086,,,,23703.997457496454,15388
19780,0.27758342027664185,0.4960225820541382,2.3503780364990234,,,,23710.515336936627,15388
19800,0.26390618085861206,0.4890226125717163,2.1064696311950684,,,,23703.80056703848,15388
19820,0.2639206349849701,0.47800230979919434,2.2783052921295166,,,,23721.156140593062,15388
19840,0.25677019357681274,0.48498672246932983,3.6138052940368652,,,,23755.586085964092,15388
19860,0.25273069739341736,0.48037874698638916,2.1707763671875,,,,23745.47097265922,15388
19880,0.27840378880500793,0.4987773299217224,3.471158981323242,,,,23573.122706239283,15388
19900,0.2570546865463257,0.46167027950286865,2.0936710834503174,,,,23596.098180739697,15388
19920,0.24980062246322632,0.4862184524536133,2.1027493476867676,,,,23583.312046400326,15388
19940,0.2736407518386841,0.4888562560081482,2.2733845710754395,,,,23589.74764810072,15388
19960,0.27721214294433594,0.5007141828536987,2.189542293548584,,,,23555.902042362177,15388
19980,0.2616927921772003,0.4884677529335022,2.250166416168213,,,,23736.18387011822,15388
