arm,step,train_eval_depth,rows,ce_d0,ce_d1,ce_d2,ce_d3,ce_d6,ce_d9,ce_d12,ce_d16,K1-K6,K1-K6_lo,K1-K6_hi,K3-K6,K3-K6_lo,K3-K6_hi,K1-K16,K1-K16_lo,K1-K16_hi,json
norm-match-20k-d1,5000,1,480,9.297085,4.079283,4.114473,4.149967,4.184452,4.188616,4.189268,4.189482,-0.105169,-0.108048,-0.102337,-0.034485,-0.035106,-0.03386,-0.110198,-0.113094,-0.107347,/home/wolfe/morph-scratch/arc/results/2026-09-13-depth-ladder/sweep_norm-match-20k-d1_5000.json
norm-match-20k-d1,10000,1,480,9.562889,3.747534,3.787935,3.829372,3.864779,3.871116,3.872255,3.872597,-0.117246,-0.119765,-0.114699,-0.035408,-0.036115,-0.034662,-0.125063,-0.127598,-0.122447,/home/wolfe/morph-scratch/arc/results/2026-09-13-depth-ladder/sweep_norm-match-20k-d1_10000.json
norm-match-20k-d1,15000,1,480,9.371327,3.605993,3.651839,3.698667,3.740147,3.749508,3.751791,3.752639,-0.134154,-0.13721,-0.130971,-0.04148,-0.042377,-0.040537,-0.146646,-0.149792,-0.143485,/home/wolfe/morph-scratch/arc/results/2026-09-13-depth-ladder/sweep_norm-match-20k-d1_15000.json
norm-match-20k-d1,20000,1,480,9.162019,3.518923,3.567736,3.619293,3.660593,3.669326,3.671122,3.671874,-0.14167,-0.145224,-0.138158,-0.0413,-0.042235,-0.040374,-0.152951,-0.156599,-0.149361,/home/wolfe/morph-scratch/arc/results/2026-09-13-depth-ladder/sweep_norm-match-20k-d1_20000.json
norm-match-20k-d2,5000,2,480,8.893846,4.07337,4.063369,4.065491,4.072603,4.074487,4.074952,4.075171,0.000766,-0.000207,0.00175,-0.007113,-0.007467,-0.006783,-0.001802,-0.002816,-0.000807,/home/wolfe/morph-scratch/arc/results/2026-09-13-depth-ladder/sweep_norm-match-20k-d2_5000.json
norm-match-20k-d2,10000,2,480,8.725746,3.728654,3.716501,3.718516,3.728005,3.731336,3.732349,3.73277,0.000649,-0.00031,0.00155,-0.009489,-0.009867,-0.009124,-0.004116,-0.00515,-0.003147,/home/wolfe/morph-scratch/arc/results/2026-09-13-depth-ladder/sweep_norm-match-20k-d2_10000.json
norm-match-20k-d2,15000,2,480,8.465911,3.580506,3.567603,3.569325,3.577973,3.581032,3.582024,3.582367,0.002533,0.001417,0.003546,-0.008648,-0.009048,-0.008266,-0.001861,-0.003031,-0.000761,/home/wolfe/morph-scratch/arc/results/2026-09-13-depth-ladder/sweep_norm-match-20k-d2_15000.json
norm-match-20k-d2,20000,2,480,8.360079,3.487695,3.474877,3.476612,3.485903,3.489193,3.490238,3.490555,0.001791,0.000737,0.002796,-0.009291,-0.009688,-0.008904,-0.00286,-0.00397,-0.001779,/home/wolfe/morph-scratch/arc/results/2026-09-13-depth-ladder/sweep_norm-match-20k-d2_20000.json
norm-match-20k-d3,5000,3,480,9.660474,4.079507,4.049718,4.045692,4.048503,4.050488,4.051155,4.051435,0.031004,0.029761,0.032244,-0.002811,-0.003188,-0.002432,0.028072,0.026732,0.029387,/home/wolfe/morph-scratch/arc/results/2026-09-13-depth-ladder/sweep_norm-match-20k-d3_5000.json
norm-match-20k-d3,10000,3,480,8.854299,3.74037,3.705361,3.70021,3.703482,3.705949,3.706747,3.70705,0.036887,0.035621,0.038235,-0.003272,-0.003656,-0.002866,0.03332,0.031989,0.034736,/home/wolfe/morph-scratch/arc/results/2026-09-13-depth-ladder/sweep_norm-match-20k-d3_10000.json
norm-match-20k-d3,15000,3,480,9.337342,3.593573,3.55766,3.55257,3.555568,3.557868,3.558747,3.559144,0.038005,0.036696,0.039317,-0.002998,-0.003373,-0.002609,0.034429,0.033082,0.035812,/home/wolfe/morph-scratch/arc/results/2026-09-13-depth-ladder/sweep_norm-match-20k-d3_15000.json
norm-match-20k-d3,20000,3,480,8.960211,3.503049,3.46683,3.461037,3.464306,3.467186,3.468384,3.469084,0.038744,0.037325,0.04015,-0.003269,-0.003693,-0.002857,0.033966,0.032473,0.035492,/home/wolfe/morph-scratch/arc/results/2026-09-13-depth-ladder/sweep_norm-match-20k-d3_20000.json
norm-match-20k-p3,5000,3,480,9.069009,4.09769,4.059938,4.054661,4.055096,4.056152,4.05648,4.056647,0.042594,0.041297,0.0439,-0.000436,-0.000788,-7e-05,0.041043,0.039667,0.0424,/home/wolfe/morph-scratch/arc/results/2026-09-13-depth-ladder/sweep_norm-match-20k-p3_5000.json
norm-match-20k-p3,10000,3,480,8.838576,3.735352,3.69544,3.689169,3.689729,3.691068,3.691461,3.691723,0.045622,0.044369,0.046957,-0.00056,-0.000928,-0.000167,0.043629,0.042325,0.044986,/home/wolfe/morph-scratch/arc/results/2026-09-13-depth-ladder/sweep_norm-match-20k-p3_10000.json
norm-match-20k-p3,15000,3,480,8.802215,3.58747,3.547091,3.540358,3.540174,3.541327,3.541727,3.541909,0.047296,0.045992,0.048514,0.000184,-0.000166,0.000532,0.045561,0.044246,0.046827,/home/wolfe/morph-scratch/arc/results/2026-09-13-depth-ladder/sweep_norm-match-20k-p3_15000.json
norm-match-20k-p3,20000,3,480,8.925545,3.49745,3.457154,3.450247,3.44963,3.450493,3.450852,3.450945,0.047819,0.046463,0.049198,0.000616,0.000202,0.001032,0.046504,0.045108,0.0479,/home/wolfe/morph-scratch/arc/results/2026-09-13-depth-ladder/sweep_norm-match-20k-p3_20000.json
norm-match-20k-p4,5000,4,480,9.133995,4.094571,4.047979,4.037981,4.035248,4.035982,4.036319,4.036482,0.059323,0.057822,0.060752,0.002733,0.002348,0.003136,0.05809,0.056541,0.059569,/home/wolfe/morph-scratch/arc/results/2026-09-14-jobs/sweep_norm-match-20k-p4_5000.json
norm-match-20k-p4,10000,4,480,9.033712,3.755322,3.702636,3.691709,3.688322,3.689062,3.68941,3.689606,0.066999,0.065407,0.068596,0.003387,0.002958,0.003816,0.065716,0.064143,0.067322,/home/wolfe/morph-scratch/arc/results/2026-09-13-depth-ladder/sweep_norm-match-20k-p4_10000.json
norm-match-20k-p4,15000,4,480,9.27445,3.607338,3.553932,3.543238,3.539659,3.539995,3.540239,3.540333,0.06768,0.066164,0.069183,0.003579,0.003203,0.003969,0.067006,0.06544,0.068502,/home/wolfe/morph-scratch/arc/results/2026-09-13-depth-ladder/sweep_norm-match-20k-p4_15000.json
norm-match-20k-p4,20000,4,480,9.202488,3.51692,3.461638,3.450274,3.446424,3.446834,3.447125,3.447304,0.070496,0.068899,0.072064,0.00385,0.003468,0.004253,0.069616,0.06798,0.071152,/home/wolfe/morph-scratch/arc/results/2026-09-13-depth-ladder/sweep_norm-match-20k-p4_20000.json
norm-match-20k,5000,6,480,9.322443,4.175309,4.07444,4.049699,4.039025,4.039515,4.04003,4.040334,0.136284,0.133872,0.138703,0.010674,0.010078,0.011265,0.134975,0.13252,0.137406,/home/wolfe/morph-scratch/arc/results/2026-09-09-norm-match-recipe-reads/sweep_norm-match-20k_5000.json
norm-match-20k,10000,6,480,8.758408,3.847916,3.734128,3.704806,3.691761,3.692027,3.692695,3.693111,0.156155,0.153541,0.158839,0.013045,0.012386,0.013721,0.154806,0.15217,0.157578,/home/wolfe/morph-scratch/arc/results/2026-09-09-norm-match-recipe-reads/sweep_norm-match-20k_10000.json
norm-match-20k,15000,6,480,8.775252,3.710189,3.589064,3.558312,3.543733,3.543796,3.54442,3.544802,0.166456,0.163849,0.169172,0.014579,0.013907,0.015234,0.165386,0.162744,0.168138,/home/wolfe/morph-scratch/arc/results/2026-09-09-norm-match-recipe-reads/sweep_norm-match-20k_15000.json
norm-match-20k,20000,6,480,8.729948,3.621736,3.499005,3.467196,3.45157,3.451385,3.451993,3.452396,0.170166,0.167242,0.172905,0.015626,0.014963,0.016271,0.169341,0.166409,0.172113,/home/wolfe/morph-scratch/arc/results/2026-09-09-norm-match-recipe-reads/sweep_norm-match-20k_20000.json
norm-match-20k-d3fixed,5000,3,480,9.105297,4.259541,4.115468,4.059703,4.082627,4.094607,4.098921,4.100766,0.176914,0.173587,0.18009,-0.022924,-0.023922,-0.021931,0.158774,0.155346,0.161988,/home/wolfe/morph-scratch/arc/results/2026-09-13-depth-ladder/sweep_norm-match-20k-d3fixed_5000.json
norm-match-20k-d3fixed,10000,3,480,8.887724,3.93628,3.783973,3.698966,3.732387,3.750295,3.757457,3.760661,0.203893,0.200265,0.207658,-0.033422,-0.03466,-0.032312,0.175619,0.171987,0.179503,/home/wolfe/morph-scratch/arc/results/2026-09-13-depth-ladder/sweep_norm-match-20k-d3fixed_10000.json
norm-match-20k-d3fixed,15000,3,480,8.930997,3.790802,3.641258,3.538834,3.576749,3.595354,3.603697,3.607458,0.214053,0.21052,0.217772,-0.037914,-0.039401,-0.036566,0.183344,0.179583,0.187293,/home/wolfe/morph-scratch/arc/results/2026-09-13-depth-ladder/sweep_norm-match-20k-d3fixed_15000.json
norm-match-20k-d3fixed,20000,3,480,8.761233,3.714318,3.552556,3.444713,3.484928,3.503758,3.51205,3.516021,0.22939,0.225969,0.233119,-0.040215,-0.041592,-0.03891,0.198297,0.194627,0.202262,/home/wolfe/morph-scratch/arc/results/2026-09-13-depth-ladder/sweep_norm-match-20k-d3fixed_20000.json
norm-match-20k-d3fixed-s2,5000,3,480,9.049651,4.242609,4.120429,4.087969,4.099071,4.106822,4.109337,4.110325,0.143538,0.14037,0.146422,-0.011102,-0.01176,-0.01042,0.132284,0.129232,0.135195,/home/wolfe/morph-scratch/arc/results/2026-09-13-depth-ladder/sweep_norm-match-20k-d3fixed-s2_5000.json
norm-match-20k-d3fixed-s2,10000,3,480,9.269128,3.902187,3.760825,3.713711,3.728928,3.739925,3.743661,3.745237,0.17326,0.170046,0.176521,-0.015217,-0.016103,-0.014356,0.15695,0.15366,0.160223,/home/wolfe/morph-scratch/arc/results/2026-09-13-depth-ladder/sweep_norm-match-20k-d3fixed-s2_10000.json
norm-match-20k-d3fixed-s2,15000,3,480,9.441084,3.754328,3.624554,3.562575,3.578928,3.591792,3.596593,3.598864,0.1754,0.172363,0.178428,-0.016353,-0.01724,-0.015532,0.155464,0.15234,0.158617,/home/wolfe/morph-scratch/arc/results/2026-09-13-depth-ladder/sweep_norm-match-20k-d3fixed-s2_15000.json
norm-match-20k-d3fixed-s2,20000,3,480,8.993763,3.6647,3.5385,3.46838,3.48908,3.504107,3.509681,3.512177,0.17562,0.172344,0.178843,-0.0207,-0.021683,-0.0198,0.152522,0.149189,0.155799,/home/wolfe/morph-scratch/arc/results/2026-09-13-depth-ladder/sweep_norm-match-20k-d3fixed-s2_20000.json
