name,a_json,a_step,a_depth,ce_a,b_json,b_step,b_depth,ce_b,point,lo,hi,n_rows,n_tokens,n_boot,level,bar,note
P-1  d1@20k(d1) - top@20k(d6),/home/wolfe/morph-scratch/arc/results/2026-09-13-depth-ladder/sweep_norm-match-20k-d1_20000.json,20000,1,3.5189230206879185,/home/wolfe/morph-scratch/arc/results/2026-09-09-norm-match-recipe-reads/sweep_norm-match-20k_20000.json,20000,6,3.4515697731527646,0.06735324753515393,0.06468221125167488,0.07007792352063379,480,491520,2000,0.95,"in [+0.02, +0.08]",
P-2  d1@20k(d1) - top@10k(d6),/home/wolfe/morph-scratch/arc/results/2026-09-13-depth-ladder/sweep_norm-match-20k-d1_20000.json,20000,1,3.5189230206879185,/home/wolfe/morph-scratch/arc/results/2026-09-09-norm-match-recipe-reads/sweep_norm-match-20k_10000.json,10000,6,3.6917610875084055,-0.17283806682048697,-0.177724255428701,-0.16821751670744545,480,491520,2000,0.95,< 0,
P-2c d1@20k(d1) - top@5k(d6),/home/wolfe/morph-scratch/arc/results/2026-09-13-depth-ladder/sweep_norm-match-20k-d1_20000.json,20000,1,3.5189230206879185,/home/wolfe/morph-scratch/arc/results/2026-09-09-norm-match-recipe-reads/sweep_norm-match-20k_5000.json,5000,6,4.039025350906306,-0.5201023302183878,-0.5333505072608531,-0.5076816794072628,480,491520,2000,0.95,context,
P-3a d3@20k(d3) - top@20k(d6),/home/wolfe/morph-scratch/arc/results/2026-09-13-depth-ladder/sweep_norm-match-20k-d3_20000.json,20000,3,3.461037169126843,/home/wolfe/morph-scratch/arc/results/2026-09-09-norm-match-recipe-reads/sweep_norm-match-20k_20000.json,20000,6,3.4515697731527646,0.009467395974078308,0.006975269418375662,0.011816450103473217,480,491520,2000,0.95,|.| <= 0.02,
P-3b d2@20k(d2) - top@20k(d6),/home/wolfe/morph-scratch/arc/results/2026-09-13-depth-ladder/sweep_norm-match-20k-d2_20000.json,20000,2,3.4748766665159225,/home/wolfe/morph-scratch/arc/results/2026-09-09-norm-match-recipe-reads/sweep_norm-match-20k_20000.json,20000,6,3.4515697731527646,0.023306893363157943,0.02086014300465546,0.025729320362735262,480,491520,2000,0.95,|.| <= 0.02,
P-4a d2 own K1-K2 @20k,/home/wolfe/morph-scratch/arc/results/2026-09-13-depth-ladder/sweep_norm-match-20k-d2_20000.json,20000,1,3.4876945471527603,/home/wolfe/morph-scratch/arc/results/2026-09-13-depth-ladder/sweep_norm-match-20k-d2_20000.json,20000,2,3.4748766665159225,0.012817880636837753,0.012244153724198303,0.013403195982134363,480,491520,2000,0.95,> 0.05,
P-4b d3 own K1-K3 @20k,/home/wolfe/morph-scratch/arc/results/2026-09-13-depth-ladder/sweep_norm-match-20k-d3_20000.json,20000,1,3.503049510254835,/home/wolfe/morph-scratch/arc/results/2026-09-13-depth-ladder/sweep_norm-match-20k-d3_20000.json,20000,3,3.461037169126843,0.042012341127992237,0.04080596379004168,0.043228323441832125,480,491520,2000,0.95,> 0.05,
S-1a p3 own K1-K6 @20k,/home/wolfe/morph-scratch/arc/results/2026-09-13-depth-ladder/sweep_norm-match-20k-p3_20000.json,20000,1,3.4974496953922416,/home/wolfe/morph-scratch/arc/results/2026-09-13-depth-ladder/sweep_norm-match-20k-p3_20000.json,20000,6,3.449630265151734,0.04781943024050772,0.04646329646429925,0.04919793564953571,480,491520,2000,0.95,>= 0.10,
S-1b p4 own K1-K6 @20k,/home/wolfe/morph-scratch/arc/results/2026-09-13-depth-ladder/sweep_norm-match-20k-p4_20000.json,20000,1,3.5169203886417932,/home/wolfe/morph-scratch/arc/results/2026-09-13-depth-ladder/sweep_norm-match-20k-p4_20000.json,20000,6,3.4464243124384524,0.07049607620334086,0.06889949855611255,0.0720638065709272,480,491520,2000,0.95,>= 0.13,
S-2  p3 own K3-K6 @20k,/home/wolfe/morph-scratch/arc/results/2026-09-13-depth-ladder/sweep_norm-match-20k-p3_20000.json,20000,3,3.45024668663374,/home/wolfe/morph-scratch/arc/results/2026-09-13-depth-ladder/sweep_norm-match-20k-p3_20000.json,20000,6,3.449630265151734,0.0006164214820061353,0.00020188984653695126,0.0010320270219680847,480,491520,2000,0.95,> 0.005,
S-2c p4 own K3-K6 @20k,/home/wolfe/morph-scratch/arc/results/2026-09-13-depth-ladder/sweep_norm-match-20k-p4_20000.json,20000,3,3.450274221223674,/home/wolfe/morph-scratch/arc/results/2026-09-13-depth-ladder/sweep_norm-match-20k-p4_20000.json,20000,6,3.4464243124384524,0.003849908785221512,0.003468305414186823,0.0042526422078269285,480,491520,2000,0.95,context,
S-3a p3@20k(d3) - top@20k(d6),/home/wolfe/morph-scratch/arc/results/2026-09-13-depth-ladder/sweep_norm-match-20k-p3_20000.json,20000,3,3.45024668663374,/home/wolfe/morph-scratch/arc/results/2026-09-09-norm-match-recipe-reads/sweep_norm-match-20k_20000.json,20000,6,3.4515697731527646,-0.0013230865190245744,-0.0036127600499121005,0.0009695958165895072,480,491520,2000,0.95,"in [+0.010, +0.030]",
S-3b p4@20k(d3) - top@20k(d6),/home/wolfe/morph-scratch/arc/results/2026-09-13-depth-ladder/sweep_norm-match-20k-p4_20000.json,20000,3,3.450274221223674,/home/wolfe/morph-scratch/arc/results/2026-09-09-norm-match-recipe-reads/sweep_norm-match-20k_20000.json,20000,6,3.4515697731527646,-0.0012955519290906992,-0.0038333923505638134,0.0012093000728157662,480,491520,2000,0.95,bracket for the unmeasured depth 4 (upper end),"the sweep grid is 0,1,2,3,6,9,12,16 - depth 4 was never run"
S-3c p4@20k(d6) - top@20k(d6),/home/wolfe/morph-scratch/arc/results/2026-09-13-depth-ladder/sweep_norm-match-20k-p4_20000.json,20000,6,3.4464243124384524,/home/wolfe/morph-scratch/arc/results/2026-09-09-norm-match-recipe-reads/sweep_norm-match-20k_20000.json,20000,6,3.4515697731527646,-0.005145460714312211,-0.007637756376035608,-0.002652772580638297,480,491520,2000,0.95,bracket for the unmeasured depth 4 (lower end),
S-4  p3@20k(d6) - top@20k(d6),/home/wolfe/morph-scratch/arc/results/2026-09-13-depth-ladder/sweep_norm-match-20k-p3_20000.json,20000,6,3.449630265151734,/home/wolfe/morph-scratch/arc/results/2026-09-09-norm-match-recipe-reads/sweep_norm-match-20k_20000.json,20000,6,3.4515697731527646,-0.0019395080010307097,-0.004205895190227649,0.0003018375680158821,480,491520,2000,0.95,<= +0.015,
CTX  p3@20k(d6) - p4@20k(d6),/home/wolfe/morph-scratch/arc/results/2026-09-13-depth-ladder/sweep_norm-match-20k-p3_20000.json,20000,6,3.449630265151734,/home/wolfe/morph-scratch/arc/results/2026-09-13-depth-ladder/sweep_norm-match-20k-p4_20000.json,20000,6,3.4464243124384524,0.0032059527132815013,0.0008381113741107172,0.005496083134826135,480,491520,2000,0.95,context,
CTX  d3fixed@20k(d3) - top@20k(d6),/home/wolfe/morph-scratch/arc/results/2026-09-13-depth-ladder/sweep_norm-match-20k-d3fixed_20000.json,20000,3,3.4447125534988507,/home/wolfe/morph-scratch/arc/results/2026-09-09-norm-match-recipe-reads/sweep_norm-match-20k_20000.json,20000,6,3.4515697731527646,-0.0068572196539138375,-0.009397131974612727,-0.004389700031129397,480,491520,2000,0.95,CONTROL ONLY - not a ship reading (2026-09-14 correction),
CTX  d1@20k(d1) - top@15k(d6),/home/wolfe/morph-scratch/arc/results/2026-09-13-depth-ladder/sweep_norm-match-20k-d1_20000.json,20000,1,3.5189230206879185,/home/wolfe/morph-scratch/arc/results/2026-09-09-norm-match-recipe-reads/sweep_norm-match-20k_15000.json,15000,6,3.5437325444605547,-0.024809523772636233,-0.028464480364384547,-0.02113467393767338,480,491520,2000,0.95,context,
CTX  SEED d3fixed-s2 - d3fixed (d3),/home/wolfe/morph-scratch/arc/results/2026-09-13-depth-ladder/sweep_norm-match-20k-d3fixed-s2_20000.json,20000,3,3.468379848214211,/home/wolfe/morph-scratch/arc/results/2026-09-13-depth-ladder/sweep_norm-match-20k-d3fixed_20000.json,20000,3,3.4447125534988507,0.02366729471536022,0.020810586357928505,0.026638180308288125,480,491520,2000,0.95,"same config, seed 2 vs seed 1 - the lineage's SEED spread at 20k",the only seed pair on this lineage; it sets the resolution of every other row
CTX  SEED d3fixed-s2 - d3fixed (d6 eval),/home/wolfe/morph-scratch/arc/results/2026-09-13-depth-ladder/sweep_norm-match-20k-d3fixed-s2_20000.json,20000,6,3.4890801023905897,/home/wolfe/morph-scratch/arc/results/2026-09-13-depth-ladder/sweep_norm-match-20k-d3fixed_20000.json,20000,6,3.4849276975931116,0.0041524047974781375,0.0008865859464250572,0.007427579047337238,480,491520,2000,0.95,"same config, seed 2 vs seed 1, read at eval depth 6",
