_step,train/code_fm_rel,train/code_fm_band0_rel,train/code_xm_score_best,train/code_xm_score_mean,perf/tokens_per_sec,perf/peak_mem_reserved_mib,val/ce_tokens
0,,,,,7249.775939187715,10476,
20,,,,,28013.409839636173,11212,
40,,,,,30857.38212780036,11212,
60,,,,,31977.09083734415,11212,
80,,,,,32576.758943031033,11212,
100,,,,,34130.24558875241,11212,
120,,,,,34325.48057923503,12212,
140,,,,,34288.092074518405,12214,
160,,,,,34208.23654248546,12214,
180,,,,,34144.99129150653,12214,
200,,,,,34142.688466759864,12214,
220,,,,,34291.36891533993,12214,
240,,,,,34229.946849812484,12214,
250,,,,,,,7.053646564483643
260,,,,,34058.47590347457,12214,
280,,,,,33807.99160083159,12334,
300,,,,,33642.77751958011,12334,
320,,,,,33636.27852842925,12334,
340,,,,,33598.48634732932,12334,
360,,,,,33782.51669771772,12334,
380,,,,,33970.22463383031,12334,
400,,,,,34066.65503508396,12334,
420,,,,,34009.235942202846,12334,
440,,,,,34041.860711488,12334,
460,,,,,34036.01120524187,12334,
480,,,,,34035.59393875874,12334,
500,,,,,34082.28367661627,12334,7.001138210296631
520,,,,,34063.92184090892,12414,
540,,,,,34110.57486025499,12414,
560,,,,,34076.42492481478,12414,
580,,,,,34109.47937050547,12414,
600,,,,,34018.20419106186,12414,
620,,,,,33833.273627336624,12414,
640,,,,,33817.79714710998,12414,
660,,,,,33844.50969169957,12414,
680,,,,,33849.35154970673,12414,
700,,,,,33934.716728642095,12414,
720,,,,,34178.21526110439,12414,
740,,,,,34138.64964030977,12414,
750,,,,,,,6.307453680038452
760,,,,,34066.63053469564,12414,
780,,,,,34065.86322406456,12414,
800,,,,,34048.624359954716,12414,
820,,,,,34040.13168974889,12414,
840,,,,,34046.81312309003,12414,
860,,,,,34060.28370426382,12414,
880,,,,,34084.73999533103,12414,
900,,,,,34072.84855724782,12414,
920,,,,,34041.003324413294,12414,
940,,,,,34091.809277236745,12414,
960,,,,,34110.81183123464,12414,
980,,,,,34114.762221641024,12414,
1000,,,,,34110.43123451725,12414,6.1692403793334964
1020,,,,,34105.039625104706,12414,
1040,,,,,34107.98251266866,12414,
1060,,,,,34139.00700527457,12414,
1080,,,,,34074.154904698575,12414,
1100,,,,,33063.30879006469,12414,
1120,,,,,33075.36335651421,12414,
1140,,,,,33052.072772119165,12414,
1160,,,,,33000.75693702005,12414,
1180,,,,,33038.75250391671,12414,
1200,,,,,34077.26404859616,12414,
1220,,,,,34058.35551792802,12414,
1240,,,,,34014.87403143001,12414,
1250,,,,,,,6.528862762451172
1260,,,,,33778.23717680244,12414,
1280,,,,,33480.278035274,12414,
1300,,,,,33357.757042014506,12414,
1320,,,,,33221.24386306177,12414,
1340,,,,,33157.18789468057,12414,
1360,,,,,33305.24172589237,12414,
1380,,,,,33520.49764505522,12414,
1400,,,,,33487.26022062525,12414,
1420,,,,,33566.69719420718,12414,
1440,,,,,33622.73223344034,12414,
1460,,,,,33709.13072479022,12414,
1480,,,,,33695.991842487376,12414,
1500,,,,,33707.867227411334,12414,7.251637697219849
1520,,,,,33786.66556160087,12414,
1540,,,,,33632.3433694136,12414,
1560,,,,,33458.76728584114,12414,
1580,,,,,33435.80488645495,12414,
1600,,,,,33431.23913189313,12414,
1620,,,,,33263.1350892219,12414,
1640,,,,,33327.88793334814,12414,
1660,,,,,33410.89731399782,12414,
1680,,,,,33231.75770325084,12414,
1700,,,,,33193.73680473062,12414,
1720,,,,,33250.358946809254,12414,
1740,,,,,33351.68064345653,12414,
1750,,,,,,,7.458624243736267
1760,,,,,33540.224003938434,12414,
1780,,,,,33866.919438147976,12414,
1800,,,,,34065.358724479214,12414,
1820,,,,,34235.04347849463,12414,
1840,,,,,34212.653505985385,12414,
1860,,,,,34186.640051708295,12414,
1880,,,,,34105.52825773373,12414,
1900,,,,,34071.56027097374,12414,
1920,,,,,34015.5113208248,12414,
1940,,,,,34019.6549980452,12414,
1960,,,,,33898.56579573717,12414,
1980,,,,,33713.92391690414,12414,
2000,1,1,4006.158447265625,4097.32080078125,32919.51506328046,12452,9.301347160339356
2020,0.897316038608551,0.9618948101997375,3927.8701171875,4051.36572265625,26376.026375026573,12764,
2040,0.8040907382965088,0.9246675968170166,3813.345458984375,3980.95263671875,22153.55854678222,12764,
2060,0.7447766661643982,0.894938588142395,3673.01171875,3887.21923828125,18974.877523027673,13204,
2080,0.7168617844581604,0.9085478186607361,3748.91455078125,3950.711669921875,16800.531431448828,13204,
2100,0.6873679757118225,0.8909124135971069,3716.174072265625,3936.424072265625,15144.454349539734,13344,
2120,0.675536572933197,0.8766679167747498,3780.7802734375,3983.97607421875,15212.925576932628,13348,
2140,0.6703749299049377,0.8729193210601807,3720.097900390625,3931.66552734375,15212.848811767519,13348,
2160,0.6359074711799622,0.8622119426727295,3767.11279296875,3977.17919921875,15335.144922945005,13348,
2180,0.6510669589042664,0.8526806831359863,3665.416015625,3904.8671875,15283.729861477894,13348,
2200,0.6227442622184753,0.8187469840049744,3708.849365234375,3949.163818359375,15329.372704731664,13348,
2220,0.6181867718696594,0.8117510080337524,3713.61474609375,3940.72998046875,15339.595676706947,13348,
2240,0.6270896792411804,0.8066724538803101,3760.294677734375,3977.75732421875,15346.628771438413,13348,
2250,,,,,,,10.249148845672607
2260,0.6083395481109619,0.774236261844635,3635.16748046875,3888.42431640625,15329.267935163953,13348,
2280,0.6085687279701233,0.7644418478012085,3748.969970703125,3983.7236328125,15252.062832196949,13348,
2300,0.5799667835235596,0.7534233927726746,3670.24658203125,3916.7724609375,15164.046722469431,13348,
2320,0.5597650408744812,0.7264587879180908,3745.2265625,3975.4609375,15152.11360174438,13348,
2340,0.5628622174263,0.7109130024909973,3703.00341796875,3943.95703125,15119.923647339678,13348,
2360,0.5370582342147827,0.673832356929779,3624.267333984375,3910.15771484375,15039.19903393594,13348,
2380,0.5234483480453491,0.69414883852005,3751.46728515625,3995.3876953125,15055.591075580485,13348,
2400,0.5263529419898987,0.6715884804725647,3703.095947265625,3952.592041015625,15022.659008256625,13348,
2420,0.5069719552993774,0.6576630473136902,3660.41162109375,3912.48291015625,14964.888587213469,13348,
2440,0.503186821937561,0.6323890089988708,3693.48291015625,3948.77685546875,14945.245549401705,13348,
2460,0.49473515152931213,0.6253858804702759,3541.198974609375,3823.062255859375,14971.943005071375,13348,
2480,0.48833900690078735,0.6434558629989624,3702.640625,3961.934814453125,14954.816469806996,13348,
2500,0.48428401350975037,0.6189935803413391,3589.540771484375,3875.25732421875,14902.888271995675,13348,10.570003366470337
2520,0.4808667004108429,0.6068111062049866,3656.385009765625,3946.7236328125,14959.122990309184,14228,
2540,0.47615933418273926,0.6296290755271912,3634.291259765625,3927.829345703125,14980.522597448013,14228,
2560,0.46624404191970825,0.6034137010574341,3703.961669921875,3955.598876953125,15009.879614756488,14228,
2580,0.4556341767311096,0.5926845073699951,3610.08251953125,3899.735595703125,15032.202639258994,14228,
2600,0.4522954821586609,0.6020009517669678,3619.953369140625,3902.584716796875,15167.204034477012,14228,
2620,0.4299987256526947,0.5812355279922485,3613.626953125,3916.97802734375,15181.803223538362,14228,
2640,0.43656522035598755,0.5797945261001587,3552.43115234375,3868.387451171875,15198.935048088333,14228,
2660,0.4158618152141571,0.5567366480827332,3451.328369140625,3745.040283203125,15232.991614400791,14228,
2680,0.42660120129585266,0.5657930374145508,3577.140869140625,3894.132568359375,15294.422778885812,14228,
2700,0.4219435155391693,0.5662837028503418,3606.505126953125,3901.303955078125,15276.640693115065,14228,
2720,0.41313087940216064,0.5528132915496826,3574.241943359375,3886.807373046875,15257.84293375305,14228,
2740,0.410492479801178,0.5755941271781921,3594.4560546875,3906.07861328125,15260.620528534459,14228,
2750,,,,,,,10.757530212402344
2760,0.4035014808177948,0.5518888831138611,3512.34716796875,3859.7958984375,15252.204855619784,14228,
2780,0.4101197421550751,0.5586350560188293,3503.947021484375,3852.3056640625,15225.270684630206,14228,
2800,0.4222988188266754,0.5681050419807434,3519.963134765625,3842.01806640625,15274.497670930301,14228,
2820,0.37464380264282227,0.5007351040840149,3294.735595703125,3701.284912109375,15257.885290940916,14228,
2840,0.39975646138191223,0.5518780946731567,3583.56787109375,3902.656494140625,15186.693718991359,14228,
2860,0.40242835879325867,0.5516950488090515,3587.014404296875,3908.538818359375,15164.901461220867,14228,
2880,0.39966699481010437,0.5287319421768188,3554.996826171875,3876.197021484375,15176.011327158263,14228,
2900,0.396261990070343,0.5477340221405029,3628.062255859375,3937.03662109375,15137.067095823157,14228,
2920,0.3893252909183502,0.5475379824638367,3537.99462890625,3860.22216796875,15170.58257725543,14228,
2940,0.37962284684181213,0.5147895216941833,3460.645263671875,3821.8974609375,15266.52241192502,14228,
2960,0.3731851279735565,0.526631236076355,3559.050537109375,3885.410888671875,15200.55332011425,14228,
2980,0.3910330832004547,0.543300986289978,3501.23828125,3810.946044921875,15212.725457297776,14228,
3000,0.3824698030948639,0.5536448359489441,3566.67822265625,3882.63427734375,15228.086602837386,14228,10.942632150650024
3020,0.39051520824432373,0.5434490442276001,3566.43310546875,3888.449462890625,15215.410046482564,14228,
3040,0.39115333557128906,0.5443901419639587,3617.3291015625,3928.82666015625,15189.017683963068,14228,
3060,0.3723897337913513,0.5258243680000305,3568.926513671875,3885.244384765625,15257.112344409448,14228,
3080,0.37723636627197266,0.5296090245246887,3533.99267578125,3883.713134765625,15239.69650654148,14228,
3100,0.3701718747615814,0.5136627554893494,3424.87744140625,3786.42431640625,15210.727624550575,14228,
3120,0.3750867247581482,0.5223639607429504,3451.373291015625,3829.306884765625,15200.746291671094,14228,
3140,0.3794437348842621,0.5538928508758545,3653.332275390625,3941.79296875,15207.306734958496,14228,
3160,0.3892449736595154,0.534790575504303,3569.544677734375,3878.4287109375,15205.112161797462,14228,
3180,0.3813745677471161,0.5362707376480103,3575.655029296875,3892.560546875,15208.792591131489,14228,
3200,0.3904876410961151,0.5321835875511169,3540.86962890625,3891.559326171875,15211.484509117894,14228,
3220,0.36657431721687317,0.5172701478004456,3568.156494140625,3887.8134765625,15221.485606014368,14228,
3240,0.3789505064487457,0.5200263261795044,3546.537841796875,3882.421142578125,15244.271633164899,14228,
3250,,,,,,,11.125837993621825
3260,0.35739362239837646,0.5142881870269775,3502.371337890625,3850.6279296875,15264.772934480428,14228,
3280,0.3738807737827301,0.5254116654396057,3545.66259765625,3894.291748046875,15265.124565439415,14228,
3300,0.3540290892124176,0.49867647886276245,3310.383544921875,3666.303466796875,15271.53874816898,14228,
3320,0.36508965492248535,0.5210180878639221,3607.537109375,3912.670654296875,15274.469506234373,14228,
3340,0.3659162223339081,0.5039969682693481,3380.662353515625,3773.068359375,15248.854214605119,14228,
3360,0.3711731731891632,0.5126380324363708,3569.977294921875,3898.3447265625,15148.958420380277,14228,
3380,0.3642725646495819,0.48497653007507324,3362.974853515625,3755.7890625,15129.52883463169,14228,
3400,0.3645056188106537,0.5205220580101013,3578.536865234375,3879.91357421875,15122.028571341732,14228,
3420,0.36545419692993164,0.5303047895431519,3518.271484375,3859.32763671875,15107.41886896286,14228,
3440,0.3665918707847595,0.5135124325752258,3543.568359375,3880.294677734375,15106.441950007022,14228,
3460,0.3658236861228943,0.518736720085144,3597.5654296875,3898.051513671875,15187.817703461456,14228,
3480,0.3674970865249634,0.5194405913352966,3565.072021484375,3886.48291015625,15206.021036837574,14228,
3500,0.37544524669647217,0.515924870967865,3378.419677734375,3757.20556640625,15202.833485662028,14228,11.204343938827515
3520,0.371353417634964,0.5129615068435669,3469.5927734375,3836.548828125,15215.056620845127,14228,
3540,0.35781946778297424,0.5037420392036438,3475.97021484375,3838.991943359375,15228.20700712831,14228,
3560,0.3726186156272888,0.5333648920059204,3522.853515625,3852.965576171875,15225.96081005867,14228,
3580,0.37169647216796875,0.5175889730453491,3609.230224609375,3917.13623046875,15233.08250853522,14228,
3600,0.35307008028030396,0.5100048780441284,3425.112060546875,3809.713623046875,15240.680890319907,14228,
3620,0.3569125831127167,0.5274876952171326,3528.504638671875,3864.905029296875,15235.326301757177,14228,
3640,0.3758866786956787,0.5265644192695618,3542.813720703125,3870.1669921875,15219.818133265557,14228,
3660,0.3744088411331177,0.5238871574401855,3569.5361328125,3875.18115234375,15201.229873730688,14228,
3680,0.3656548261642456,0.5212854146957397,3516.0966796875,3858.67138671875,15196.047379931428,14228,
3700,0.3591640889644623,0.5146259069442749,3532.860595703125,3884.05322265625,15189.228757984023,14228,
3720,0.3595640957355499,0.5279883742332458,3554.404296875,3879.988037109375,15198.98516958522,14228,
3740,0.36163705587387085,0.5402711033821106,3571.04296875,3904.670654296875,15143.54350008224,14228,
3750,,,,,,,11.320514059066772
3760,0.37186259031295776,0.5182191133499146,3549.3525390625,3876.674072265625,15028.478221187605,15788,
3780,0.3672960698604584,0.5187152624130249,3551.552978515625,3896.688232421875,14904.847490327304,15788,
3800,0.3587823808193207,0.48860758543014526,3472.908447265625,3843.325439453125,14784.735684221661,15788,
3820,0.36441442370414734,0.5098370909690857,3482.925048828125,3847.0087890625,14662.395987682485,15788,
3840,0.36007413268089294,0.5073240995407104,3560.8623046875,3889.727783203125,14593.30498027369,15788,
3860,0.35696256160736084,0.49847668409347534,3519.95751953125,3861.6494140625,14598.202438886234,15788,
3880,0.34146779775619507,0.4664655029773712,3065.50830078125,3382.19384765625,14594.842867716634,15788,
3900,0.3519233167171478,0.4726601243019104,3255.29248046875,3670.290283203125,14558.837149215662,15788,
3920,0.35328271985054016,0.4894467890262604,3497.712158203125,3834.365234375,14545.855546843703,15788,
3940,0.35856813192367554,0.5178697109222412,3487.53857421875,3819.523193359375,14545.476436862808,15788,
3960,0.3669435977935791,0.5074376463890076,3503.413330078125,3854.243408203125,14553.47465765108,15788,
3980,0.3674350380897522,0.49549680948257446,3448.3369140625,3808.073486328125,14543.980218532302,15788,
4000,0.3659408688545227,0.5102494955062866,3597.594970703125,3909.646728515625,14582.900960885625,15788,11.27933840751648
4020,0.34422916173934937,0.5204082727432251,3538.583984375,3885.5703125,14558.93970249044,15788,
4040,0.36157113313674927,0.5172256231307983,3564.306396484375,3892.459228515625,14505.308202411783,15788,
4060,0.37057268619537354,0.5030993819236755,3434.51123046875,3799.041748046875,14494.300728835247,15788,
4080,0.35562005639076233,0.5076743960380554,3540.258544921875,3876.902099609375,14512.392567850526,15788,
4100,0.3639228045940399,0.5055440068244934,3494.02587890625,3857.4228515625,14525.90706863335,15788,
4120,0.3617887496948242,0.5231552720069885,3467.05517578125,3822.5576171875,14552.76552967196,15788,
4140,0.36864790320396423,0.5030058026313782,3484.374267578125,3831.805419921875,14615.069745280412,15788,
4160,0.36510440707206726,0.5276044011116028,3568.950927734375,3890.60107421875,14617.819202694238,15788,
4180,0.3626408576965332,0.5155039429664612,3443.59716796875,3815.082275390625,14631.041082759079,15788,
4200,0.36511605978012085,0.5164406895637512,3536.734130859375,3880.315185546875,14560.302882939235,15788,
4220,0.359372079372406,0.5100736021995544,3507.37890625,3864.432373046875,14567.521751546272,15788,
4240,0.36723771691322327,0.5228093266487122,3510.513916015625,3869.110107421875,14565.409560115178,15788,
4250,,,,,,,11.497654151916503
4260,0.344178706407547,0.4974093735218048,3350.101318359375,3738.56494140625,14523.919073870093,15788,
4280,0.3526402711868286,0.5073047876358032,3527.78857421875,3867.116943359375,14433.613901626715,15788,
4300,0.3505675494670868,0.4865819811820984,3416.73388671875,3793.5244140625,14399.097534823797,15788,
4320,0.3516231179237366,0.5008014440536499,3563.365234375,3890.483154296875,14375.391326771954,15788,
4340,0.35616129636764526,0.4945061206817627,3430.63720703125,3822.44580078125,14365.6390117285,15788,
4360,0.3574342131614685,0.4881054162979126,3345.627197265625,3769.81787109375,14409.085912782932,15788,
4380,0.37342002987861633,0.5358492136001587,3644.957763671875,3925.40869140625,14499.344552384475,15788,
4400,0.35460609197616577,0.50142502784729,3551.438720703125,3872.402099609375,14595.1972665833,15788,
4420,0.33718207478523254,0.45633602142333984,3089.03955078125,3527.399169921875,14643.942931426112,15788,
4440,0.35980454087257385,0.5202842950820923,3595.244140625,3903.640625,14662.111198299897,15788,
4460,0.35040420293807983,0.5011520385742188,3541.28125,3868.094970703125,14671.529304672435,15788,
4480,0.34936463832855225,0.4999314844608307,3449.556640625,3818.65283203125,14664.797844389854,15788,
4500,0.36677226424217224,0.5182070136070251,3567.3603515625,3896.083251953125,14665.361346778258,15788,11.65713391304016
4520,0.3592703640460968,0.5209947824478149,3570.41259765625,3897.80419921875,14620.183809666947,15788,
4540,0.3572465479373932,0.4938759207725525,3373.24365234375,3759.006103515625,14586.744160873859,15788,
4560,0.3474966287612915,0.49124184250831604,3462.49267578125,3837.8095703125,14572.09439588306,15788,
4580,0.3579062223434448,0.5283024311065674,3590.311279296875,3909.897705078125,14563.478648489981,15788,
4600,0.3482764661312103,0.4955595135688782,3556.668212890625,3888.68896484375,14542.390108877535,15788,
4620,0.3585275709629059,0.5161339044570923,3515.381591796875,3858.07470703125,14494.047678780491,15788,
4640,0.35031482577323914,0.50164794921875,3519.747314453125,3874.271240234375,14526.111851298316,15788,
4660,0.3498813807964325,0.4791392982006073,3494.12939453125,3849.264404296875,14549.695490047288,15788,
4680,0.35837799310684204,0.5221808552742004,3517.655517578125,3864.0771484375,14550.093427013702,15788,
4700,0.3547673523426056,0.4957057237625122,3350.456298828125,3736.06787109375,14530.918983372176,15788,
4720,0.35366958379745483,0.5071378350257874,3487.123046875,3832.2021484375,14550.411017618151,15788,
4740,0.364387184381485,0.52173912525177,3541.067626953125,3876.447021484375,14487.847449281086,15788,
4750,,,,,,,11.862049865722657
4760,0.3566679358482361,0.5174840688705444,3480.56591796875,3826.94384765625,14492.819791069163,15788,
4780,0.34853798151016235,0.502866804599762,3502.38427734375,3843.28173828125,14548.523316245934,15788,
4800,0.36858826875686646,0.5320723056793213,3604.93505859375,3906.87451171875,14612.862746480296,15788,
4820,0.36052435636520386,0.4963824152946472,3526.142578125,3862.148681640625,14683.104984448035,15788,
4840,0.3502518832683563,0.4971448481082916,3541.54541015625,3881.674072265625,14744.995882914727,15788,
4860,0.3523727059364319,0.5106923580169678,3496.5595703125,3823.296142578125,14649.451199577728,15788,
4880,0.357516348361969,0.5062673687934875,3541.070068359375,3872.851806640625,14585.181876147686,15788,
4900,0.36045974493026733,0.5058684349060059,3510.59716796875,3853.120849609375,14580.698022367344,15788,
4920,0.3487946093082428,0.5056840777397156,3509.251953125,3857.706298828125,14546.459206593765,15788,
4940,0.351531982421875,0.47236886620521545,3266.685546875,3652.88818359375,14554.740125800497,15788,
4960,0.35097190737724304,0.5193777084350586,3564.032470703125,3900.6611328125,14705.415203556116,15788,
4980,0.3501570224761963,0.49702924489974976,3481.576416015625,3846.089599609375,14758.391434592697,15788,
5000,0.35887542366981506,0.5120237469673157,3543.19140625,3886.154541015625,14851.745977008432,15788,11.945098257064819
5020,0.3591606020927429,0.49190303683280945,3584.375,3902.46435546875,14939.08576723003,15788,
5040,0.3481391966342926,0.5184265375137329,3631.63427734375,3925.072509765625,15006.000172136619,15788,
5060,0.3467040956020355,0.5049434304237366,3579.30126953125,3901.10546875,14997.679080182117,15788,
5080,0.35855090618133545,0.5048661231994629,3545.067626953125,3885.047119140625,15018.4579116592,15788,
5100,0.36017847061157227,0.5194811224937439,3578.8525390625,3892.511962890625,15013.349506987048,15788,
5120,0.34078750014305115,0.49702462553977966,3507.7802734375,3844.890625,15006.406690435673,15788,
5140,0.357178658246994,0.5077622532844543,3592.300537109375,3905.4833984375,15007.382796652424,15788,
5160,0.35035890340805054,0.503286600112915,3562.902587890625,3876.94091796875,15013.78086530164,15788,
5180,0.3436727821826935,0.5180367231369019,3536.812255859375,3855.147216796875,15011.389579497547,15788,
5200,0.35158389806747437,0.5104314088821411,3508.058349609375,3832.234130859375,14988.075391655042,15788,
5220,0.3505401611328125,0.490163654088974,3417.035888671875,3776.86865234375,14978.777946928505,15788,
5240,0.36579281091690063,0.5251723527908325,3559.7998046875,3826.545654296875,14969.22070053874,15788,
5250,,,,,,,11.882424068450927
5260,0.3584529757499695,0.5042129755020142,3508.987548828125,3847.4326171875,14931.365200513417,15788,
5280,0.3495648503303528,0.49313846230506897,3484.295654296875,3832.853271484375,14886.482464544992,15788,
5300,0.3557071089744568,0.5125323534011841,3520.52490234375,3863.94287109375,14853.319232190584,15788,
5320,0.3535783886909485,0.498117595911026,3508.255859375,3852.03271484375,14867.929067869794,15788,
5340,0.3517052233219147,0.49707740545272827,3470.1962890625,3823.4462890625,14880.907435241581,15788,
5360,0.33932146430015564,0.4399220049381256,3213.189208984375,3684.802490234375,14885.789764519453,15788,
5380,0.3635331094264984,0.5167926549911499,3490.98681640625,3829.39404296875,14906.458563809758,15788,
5400,0.3415035009384155,0.5240859985351562,3545.336181640625,3875.727294921875,14897.574212980246,15788,
5420,0.3545677065849304,0.49626806378364563,3595.443115234375,3896.91162109375,14895.750549793645,15788,
5440,0.3463851511478424,0.5032064318656921,3556.031982421875,3891.17138671875,14876.337052160601,15788,
5460,0.3429267704486847,0.4987943470478058,3492.095947265625,3838.267333984375,14892.956237722978,15788,
5480,0.3459339141845703,0.4978932738304138,3577.886474609375,3894.466064453125,14917.401419188911,15788,
5500,0.3480127453804016,0.5098769664764404,3603.134521484375,3918.203857421875,14935.47004290999,15788,12.163682079315185
5520,0.3288184702396393,0.4743345081806183,3367.60888671875,3747.93896484375,14933.319660699166,15788,
5540,0.33825233578681946,0.49062952399253845,3484.7568359375,3821.197509765625,14929.266733963239,15788,
5560,0.35634303092956543,0.5040807127952576,3451.71240234375,3814.031494140625,14926.345488955176,15788,
5580,0.335465669631958,0.4948464334011078,3479.5283203125,3820.961669921875,14869.699204241937,15788,
5600,0.34925729036331177,0.5019918084144592,3534.229248046875,3860.6728515625,14719.901892381351,15788,
5620,0.35117584466934204,0.5054054856300354,3518.68896484375,3848.473388671875,14682.9067513072,15788,
5640,0.34547853469848633,0.4869251549243927,3482.193603515625,3832.87744140625,14676.90258343166,15788,
5660,0.3441295325756073,0.5069504380226135,3583.6904296875,3896.64501953125,14537.727302901942,15788,
5680,0.33538493514060974,0.5046277642250061,3533.2353515625,3864.423583984375,14489.620293142127,15788,
5700,0.34855619072914124,0.490925133228302,3567.42431640625,3904.05029296875,14457.685807097323,15788,
5720,0.3368329703807831,0.49505746364593506,3579.01611328125,3887.8916015625,14346.886797279069,15788,
5740,0.33512911200523376,0.47152721881866455,3266.3330078125,3678.005126953125,14213.962251627912,15788,
5750,,,,,,,12.508642196655273
5760,0.3550492227077484,0.5190533995628357,3601.1533203125,3897.702880859375,14281.33935492402,15788,
5780,0.3516891598701477,0.4984138309955597,3563.5185546875,3872.538818359375,14377.245446113964,15788,
5800,0.351774126291275,0.5116147398948669,3544.987548828125,3869.020263671875,14549.803660199172,15788,
5820,0.35071349143981934,0.5054022669792175,3561.42822265625,3887.254638671875,14711.089665542713,15788,
5840,0.3429502248764038,0.4980108439922333,3495.112548828125,3839.587646484375,14868.037535741405,15788,
5860,0.34240731596946716,0.48562324047088623,3430.052734375,3804.115966796875,14936.489502634498,15788,
5880,0.3478710949420929,0.4968055784702301,3496.79248046875,3857.997802734375,14932.575623366525,15788,
5900,0.34335851669311523,0.4956539273262024,3530.656982421875,3856.879638671875,14966.326596596653,15788,
5920,0.34997501969337463,0.5037219524383545,3541.692138671875,3879.742919921875,14966.812145416689,15788,
5940,0.3522634506225586,0.503599226474762,3516.642822265625,3864.115478515625,14962.919741879155,15788,
5960,0.3477805554866791,0.5138853788375854,3599.324462890625,3898.7109375,15011.818241003475,15788,
5980,0.33872324228286743,0.4790480136871338,3522.420166015625,3848.829345703125,15057.29001320796,15788,
6000,0.3456033766269684,0.487653911113739,3403.374267578125,3775.98046875,15020.898805227684,15788,12.461390352249145
6020,0.3406258523464203,0.4881633222103119,3461.582275390625,3814.718017578125,15041.753731514258,15788,
6040,0.34443265199661255,0.4988580048084259,3523.103515625,3856.032470703125,15072.439567988225,15788,
6060,0.34646132588386536,0.49818897247314453,3537.40869140625,3854.474365234375,15110.791245265975,15788,
6080,0.34591588377952576,0.5061534643173218,3481.817138671875,3763.316650390625,15098.226964108184,15788,
6100,0.32478392124176025,0.45645442605018616,3241.34716796875,3655.984130859375,15106.514966580962,15788,
6120,0.34770551323890686,0.49985915422439575,3517.919921875,3851.95556640625,15082.970177120835,15788,
6140,0.3569558560848236,0.49646466970443726,3437.884765625,3787.158203125,15051.240355438218,15788,
6160,0.3405631184577942,0.4746464490890503,3333.09033203125,3721.840087890625,14886.740055777074,15788,
6180,0.3672761917114258,0.5189932584762573,3545.493408203125,3867.411376953125,14884.827951891912,15788,
6200,0.3404148519039154,0.47267502546310425,3390.473388671875,3777.8828125,14906.423170426686,15788,
6220,0.3334638774394989,0.48453912138938904,3411.07177734375,3780.38623046875,14931.343867501826,15788,
6240,0.3429476022720337,0.49506640434265137,3502.08251953125,3840.3994140625,14962.384948188803,15788,
6250,,,,,,,12.277544355392456
6260,0.34024491906166077,0.4937606751918793,3550.79833984375,3884.97119140625,15084.971076427471,15788,
6280,0.3461424708366394,0.5108185410499573,3484.5625,3832.913330078125,15122.15055959888,15788,
6300,0.33859631419181824,0.4832431375980377,3359.3984375,3761.740234375,15155.62462266035,15788,
6320,0.34935325384140015,0.5069043636322021,3587.13232421875,3892.326904296875,15176.493437409248,15788,
6340,0.3402827978134155,0.4999602437019348,3470.568115234375,3808.555419921875,15162.479412386714,15788,
6360,0.34419557452201843,0.5000177025794983,3550.4638671875,3862.58837890625,15175.975745531505,15788,
6380,0.3479668200016022,0.5029608607292175,3482.587646484375,3825.828857421875,15178.640624293677,15788,
6400,0.3353891968727112,0.4881879985332489,3489.322265625,3845.018798828125,15174.52282638093,15788,
6420,0.35684117674827576,0.5063803791999817,3554.5087890625,3888.361083984375,15123.519791631377,15788,
6440,0.3537878394126892,0.5139596462249756,3476.64453125,3843.000732421875,15164.759310382136,15788,
6460,0.3284987509250641,0.48874467611312866,3502.806640625,3845.38525390625,15163.440599142099,15788,
6480,0.3398016095161438,0.4747164845466614,3427.04736328125,3785.06591796875,15156.547181800539,15788,
6500,0.3492824137210846,0.5012902617454529,3540.546142578125,3878.49658203125,15156.310160646277,15788,12.294107723236085
6520,0.3374120593070984,0.5065863132476807,3532.05859375,3860.1025390625,15154.67383794516,15788,
6540,0.35837608575820923,0.5145812034606934,3565.417236328125,3887.231201171875,15160.843671395334,15788,
6560,0.3620608448982239,0.5163693428039551,3508.959716796875,3841.262451171875,15159.209632586917,15788,
6580,0.3232191503047943,0.4517221450805664,3401.751953125,3817.96875,15160.561498109959,15788,
6600,0.3401264548301697,0.5076161026954651,3529.78857421875,3865.680419921875,15165.770536282349,15788,
6620,0.3516489863395691,0.5139816403388977,3595.3916015625,3902.061279296875,15209.637342548987,15788,
6640,0.34368717670440674,0.5017338395118713,3518.86767578125,3861.186279296875,15207.567531139863,15788,
6660,0.3469909429550171,0.5013136863708496,3511.009033203125,3848.310791015625,15079.460666096558,15788,
6680,0.32425257563591003,0.4967762231826782,3532.299560546875,3864.693115234375,14982.373758054886,15788,
6700,0.3572749197483063,0.5001126527786255,3512.205078125,3850.541748046875,14981.576537063434,15788,
6720,0.3413553237915039,0.49888095259666443,3502.59521484375,3837.8720703125,14846.927098600901,15788,
6740,0.3254568576812744,0.4885717034339905,3482.32763671875,3839.539794921875,14665.485628419996,15788,
6750,,,,,,,12.736561584472657
6760,0.3347097337245941,0.5008612275123596,3470.544677734375,3826.614990234375,14650.938900199933,15788,
6780,0.34227612614631653,0.5030284523963928,3543.75341796875,3860.473388671875,14685.608901521344,15788,
6800,0.34475740790367126,0.4935096204280853,3370.795654296875,3742.098876953125,14618.533390842083,15788,
6820,0.34958356618881226,0.49515649676322937,3444.353271484375,3807.037353515625,14699.226411157157,15788,
6840,0.3520447611808777,0.5034165978431702,3540.37158203125,3844.801025390625,14801.430330662739,15788,
6860,0.3446677029132843,0.49395254254341125,3481.405517578125,3837.799072265625,14875.679735460237,15788,
6880,0.3432120382785797,0.5140827298164368,3591.619384765625,3903.94287109375,14901.150284065978,15788,
6900,0.33725765347480774,0.49732542037963867,3491.3828125,3838.912353515625,14938.63951576551,15788,
6920,0.34458041191101074,0.4965139925479889,3461.828369140625,3809.085205078125,14902.364675975921,15788,
6940,0.340798020362854,0.504776120185852,3555.40625,3871.094970703125,14890.036446510998,15788,
6960,0.34906256198883057,0.5119777917861938,3547.53271484375,3868.153076171875,14813.937553513342,15788,
6980,0.3382870554924011,0.49295738339424133,3456.911376953125,3816.076904296875,14781.321748745246,15788,
7000,0.3466337025165558,0.4920118451118469,3525.4580078125,3848.941650390625,14734.776510176493,15788,12.951030206680297
7020,0.35530558228492737,0.50762540102005,3498.58544921875,3839.50830078125,14754.989408861089,15788,
7040,0.34682291746139526,0.4880540072917938,3470.10986328125,3821.68212890625,14760.598663287848,15788,
7060,0.3224200904369354,0.48383063077926636,3518.254638671875,3846.07861328125,14816.56113508364,15788,
7080,0.3367362916469574,0.5066757798194885,3561.787109375,3883.59716796875,14773.432360905452,15788,
7100,0.32868483662605286,0.4583175480365753,3525.46240234375,3872.63720703125,14766.543252572825,15788,
7120,0.3417002260684967,0.48646119236946106,3461.7626953125,3818.693359375,14718.571022005006,15788,
7140,0.3466135561466217,0.4901847541332245,3492.264404296875,3815.57421875,14733.745987505794,15788,
7160,0.3394058346748352,0.4875836670398712,3432.2578125,3810.715087890625,14648.055136227546,15788,
7180,0.3375996947288513,0.4869024455547333,3488.147216796875,3848.82958984375,14608.563576401568,15788,
7200,0.3376261591911316,0.4901144504547119,3479.800048828125,3830.4765625,14520.241617875869,15788,
7220,0.32832714915275574,0.4816443920135498,3425.081787109375,3814.50634765625,14481.993376997607,15788,
7240,0.3314598500728607,0.5020850300788879,3515.193603515625,3858.60009765625,14316.848557528307,15788,
7250,,,,,,,12.828990793228149
7260,0.33668071031570435,0.5037992596626282,3521.3193359375,3861.490478515625,14343.35235571052,15788,
7280,0.344625324010849,0.49683552980422974,3567.56298828125,3881.31640625,14424.674626880307,15788,
7300,0.33545130491256714,0.4989691376686096,3538.777587890625,3873.8349609375,14499.707964960435,15788,
7320,0.32108211517333984,0.43882855772972107,3270.383544921875,3716.77392578125,14576.426193347716,15788,
7340,0.34596848487854004,0.49441152811050415,3544.615966796875,3866.791015625,14729.62554868597,15788,
7360,0.33979788422584534,0.5036313533782959,3566.275146484375,3892.40185546875,14809.130258324782,15788,
7380,0.36043667793273926,0.5274706482887268,3621.41796875,3915.525390625,14715.299691045304,15788,
7400,0.3342371881008148,0.5106626749038696,3587.47509765625,3896.592041015625,14745.712074060431,15788,
7420,0.3402014672756195,0.4983227849006653,3588.2373046875,3907.4599609375,14759.011415978695,15788,
7440,0.33330631256103516,0.4948463439941406,3534.298095703125,3863.064697265625,14764.032833264606,15788,
7460,0.33805063366889954,0.49674737453460693,3594.45361328125,3907.806640625,14725.542077338263,15788,
7480,0.22874729335308075,0.2406647503376007,1434.0665283203125,2109.76611328125,14795.162138512846,15788,
7500,0.35449421405792236,0.49313291907310486,3575.02978515625,3885.540771484375,14750.587795128573,15788,12.947273969650269
7520,0.3267156779766083,0.4977089762687683,3527.512451171875,3862.18017578125,14596.386487985576,15788,
7540,0.34350112080574036,0.5082635283470154,3573.73193359375,3913.052978515625,14449.497927829527,15788,
7560,0.32905399799346924,0.4885805547237396,3592.55859375,3885.8955078125,14342.85492658446,15788,
7580,0.3349084258079529,0.48812136054039,3533.697265625,3867.115966796875,14207.238763054798,15788,
7600,0.35314494371414185,0.5045586228370667,3558.22265625,3879.933837890625,14106.247181397963,15788,
7620,0.33977359533309937,0.48419010639190674,3511.970458984375,3846.57470703125,14112.216931244095,15788,
7640,0.32732313871383667,0.46015438437461853,3206.268798828125,3617.82177734375,14106.128668235791,15788,
7660,0.33481577038764954,0.4806731045246124,3463.669189453125,3819.907958984375,14087.448877913643,15788,
7680,0.34482064843177795,0.5032134652137756,3469.4931640625,3821.933837890625,14187.330522738032,15788,
7700,0.369766503572464,0.5275303721427917,3663.82373046875,3933.712158203125,14208.35307451865,15788,
7720,0.34058356285095215,0.4940650165081024,3548.543701171875,3877.732666015625,14154.252219015365,15788,
7740,0.33370649814605713,0.46845513582229614,3404.968017578125,3745.339599609375,14176.030237813105,15788,
7750,,,,,,,13.312563705444337
7760,0.3336643874645233,0.4869120121002197,3535.802978515625,3875.450439453125,14284.436100826997,15788,
7780,0.333802193403244,0.49507439136505127,3555,3875.95263671875,14340.54525135073,15788,
7800,0.3331446647644043,0.48557668924331665,3387.486328125,3755.404052734375,14449.173302110597,15788,
7820,0.3288540244102478,0.4940236806869507,3462.4541015625,3839.113525390625,14630.856161746215,15788,
7840,0.3242023289203644,0.4786769151687622,3476.147705078125,3809.680419921875,14759.537358571346,15788,
7860,0.3541122376918793,0.5140772461891174,3530.450927734375,3873.1689453125,14806.737919397903,15788,
7880,0.33628934621810913,0.49303603172302246,3454.07421875,3822.60302734375,14789.888706029633,15788,
7900,0.33617836236953735,0.4941222667694092,3485.189208984375,3811.10498046875,14793.27894736953,15788,
7920,0.33857274055480957,0.4801391363143921,3531.73095703125,3885.3349609375,14815.71034259917,15788,
7940,0.35019633173942566,0.5125945806503296,3581.760986328125,3882.7177734375,14829.518159061707,15788,
7960,0.3442946672439575,0.4927046298980713,3441.43896484375,3767.468017578125,14816.265244766404,15788,
7980,0.3278500735759735,0.4782833755016327,3343.42919921875,3691.730712890625,14849.080812336733,15788,
8000,0.35472795367240906,0.5062445402145386,3551.053955078125,3886.254150390625,14891.740300141664,15788,13.15304617881775
8020,0.35352829098701477,0.516556441783905,3603.23974609375,3916.86083984375,14869.701988004734,15788,
8040,0.3253984749317169,0.4680539071559906,3545.924072265625,3874.359619140625,14841.61146197786,15788,
8060,0.34699881076812744,0.48632699251174927,3566.802978515625,3886.548095703125,14914.764863290562,15788,
8080,0.336408793926239,0.48794567584991455,3534.120849609375,3859.6435546875,14880.333604597461,15788,
8100,0.34090766310691833,0.5167397856712341,3534.3701171875,3865.421875,14831.358921576586,15788,
8120,0.3280491530895233,0.4893278181552887,3475.0263671875,3858.57080078125,14855.183673637923,15788,
8140,0.2967909574508667,0.40087613463401794,2896.79638671875,3434.239013671875,14787.26807842467,15788,
8160,0.3449515998363495,0.514342725276947,3621.7373046875,3945.162841796875,14732.73622773854,15788,
8180,0.34994882345199585,0.5009095072746277,3553.23779296875,3896.580322265625,14705.03920702602,15788,
8200,0.35236749053001404,0.5045711994171143,3546.595703125,3886.10595703125,14729.963861040322,15788,
8220,0.3399810492992401,0.48028719425201416,3511.886474609375,3860.76025390625,14741.110365026263,15788,
8240,0.3300478160381317,0.4659867584705353,3281.39697265625,3665.355712890625,14817.86940724646,15788,
8250,,,,,,,13.46975154876709
8260,0.3428008258342743,0.4816305637359619,3406.6279296875,3781.798095703125,14837.516925983899,15788,
8280,0.35175976157188416,0.5226480960845947,3593.9619140625,3910.560546875,14828.781250020129,15788,
8300,0.3384741544723511,0.4995670020580292,3538.5400390625,3866.8994140625,14767.742792728532,15788,
8320,0.32336199283599854,0.47791552543640137,3454.07763671875,3810.403564453125,14840.092119057563,15788,
8340,0.3453601896762848,0.5067905783653259,3577.58837890625,3888.0966796875,14809.929646792336,15788,
8360,0.3376476764678955,0.46742933988571167,3545.810546875,3874.287353515625,14736.532440367228,15788,
8380,0.33524712920188904,0.49096453189849854,3464.861572265625,3841.2705078125,14730.008670139283,15788,
8400,0.22745783627033234,0.2644123435020447,1636.9674072265625,2243.104248046875,14754.402919682565,15788,
8420,0.32809561491012573,0.4844696819782257,3484.319091796875,3841.478515625,14675.323099331756,15788,
8440,0.33714568614959717,0.49276357889175415,3585.384765625,3890.290771484375,14717.84956347333,15788,
8460,0.339492529630661,0.49997103214263916,3536.824951171875,3861.695556640625,14753.416973889824,15788,
8480,0.3380962312221527,0.5060510635375977,3520.80908203125,3858.57421875,14791.097212934994,15788,
8500,0.3358062207698822,0.4710513949394226,3386.353515625,3788.087890625,14754.920834563209,15788,13.176513624191283
8520,0.347074419260025,0.48684969544410706,3593.790771484375,3908.018798828125,14702.72238573783,15788,
8540,0.3562886714935303,0.5065016746520996,3551.7822265625,3844.875,14739.554708951666,15788,
8560,0.3441244065761566,0.4886413812637329,3533.384033203125,3869.393310546875,14786.004676813196,15788,
8580,0.32156580686569214,0.47897419333457947,3500.311279296875,3832.852783203125,14833.28420085819,15788,
8600,0.3375047445297241,0.489792138338089,3562.9521484375,3885.94580078125,14932.425841537006,15788,
8620,0.3482757806777954,0.5090787410736084,3562.6796875,3859.27197265625,15009.703305664614,15788,
8640,0.32884255051612854,0.5125229358673096,3609.646728515625,3912.5244140625,14994.070066035336,15788,
8660,0.3307895362377167,0.49371621012687683,3574.072265625,3892.52001953125,14952.252516906306,15788,
8680,0.3442205488681793,0.5186365246772766,3624.413330078125,3915.890869140625,14898.64807843107,15788,
8700,0.3295793831348419,0.4930891990661621,3533.384521484375,3863.928955078125,14864.771731172223,15788,
8720,0.3539562225341797,0.5087665915489197,3556.373046875,3885.94287109375,14803.077835477321,15788,
8740,0.36167365312576294,0.4698176681995392,3200.590576171875,3468.907470703125,14744.504516731278,15788,
8750,,,,,,,13.62694730758667
8760,0.3168295919895172,0.4755796790122986,3451.40185546875,3810.502197265625,14657.568126316251,15788,
8780,0.33398717641830444,0.4992348253726959,3501.09765625,3844.220458984375,14632.388852808363,15788,
8800,0.3406028747558594,0.49063825607299805,3479.9072265625,3821.89111328125,14648.793234164237,15788,
8820,0.3273355960845947,0.4883493185043335,3537.81982421875,3860.98388671875,14673.083668333264,15788,
8840,0.3387119770050049,0.4780007600784302,3470.62158203125,3819.570556640625,14714.26917069618,15788,
8860,0.3375000059604645,0.47788378596305847,3441.24560546875,3786.530029296875,14777.747387195861,15788,
8880,0.34272196888923645,0.49905985593795776,3601.749755859375,3911.91943359375,14838.30554272579,15788,
8900,0.34299901127815247,0.492659330368042,3486.343505859375,3842.036865234375,14790.573925747478,15788,
8920,0.3455857038497925,0.5071202516555786,3558.78125,3864.58056640625,14782.00511760349,15788,
8940,0.3382311761379242,0.48645713925361633,3506.956298828125,3855.81494140625,14807.770529764639,15788,
8960,0.3443760871887207,0.5134623646736145,3581.97509765625,3895.15283203125,14846.50496375715,15788,
8980,0.3492421805858612,0.5169651508331299,3630.18701171875,3915.2041015625,14723.850994983177,15788,
9000,0.33849403262138367,0.4861033260822296,3461.85009765625,3782.838623046875,14742.086735244466,15788,13.69081382751465
9020,0.328771710395813,0.47380903363227844,3254.022216796875,3622.622314453125,14761.027897077096,15788,
9040,0.32183972001075745,0.5024392604827881,3522.8505859375,3853.288330078125,14709.477592260631,15788,
9060,0.3228970766067505,0.48863592743873596,3528.86865234375,3851.77490234375,14633.91263805535,15788,
9080,0.33195748925209045,0.49400922656059265,3529.4462890625,3882.7353515625,14770.709187394128,15788,
9100,0.3349699079990387,0.48797765374183655,3540.69287109375,3879.872314453125,14784.154304926273,15788,
9120,0.33575189113616943,0.4858877658843994,3572.439697265625,3902.327880859375,14806.600597015648,15788,
9140,0.36364904046058655,0.5196409225463867,3583.850830078125,3896.526611328125,14848.763088309126,15788,
9160,0.33692386746406555,0.4819103181362152,3527.528564453125,3855.0634765625,14966.735083247399,15788,
9180,0.35519060492515564,0.5202370882034302,3537.2568359375,3805.8515625,14945.417379009177,15788,
9200,0.3319897949695587,0.490764856338501,3509.842529296875,3857.650390625,14935.449502074696,15788,
9220,0.34271886944770813,0.4880737364292145,3545.923583984375,3883.67041015625,14877.507983366757,15788,
9240,0.33253559470176697,0.4977599084377289,3574.521728515625,3885.676513671875,14851.484565308554,15788,
9250,,,,,,,13.626942586898803
9260,0.3329874277114868,0.47610989212989807,3577.439697265625,3890.034912109375,14859.028965356702,15788,
9280,0.3300502300262451,0.49853575229644775,3495.026611328125,3832.184326171875,14914.182534259318,15788,
9300,0.3367200195789337,0.49661925435066223,3521.833984375,3860.9736328125,14981.470363333214,15788,
9320,0.32520368695259094,0.4949435889720917,3584.13525390625,3902.202880859375,15072.812866935286,15788,
9340,0.33719703555107117,0.4877215325832367,3561.410400390625,3889.683837890625,15145.770389223384,15788,
9360,0.32932302355766296,0.5010234117507935,3548.970947265625,3874.731689453125,15117.841982267088,15788,
9380,0.3395802080631256,0.5078129768371582,3639.2841796875,3933.63525390625,15015.574839656892,15788,
9400,0.3355347812175751,0.5016065239906311,3486.573974609375,3836.544189453125,14866.597775824137,15788,
9420,0.3471056818962097,0.4998868405818939,3484.864501953125,3810.085205078125,14750.774450787252,15788,
9440,0.32387295365333557,0.4775298535823822,3285.867431640625,3685.87060546875,14645.25384913557,15788,
9460,0.34410518407821655,0.5085220336914062,3581.45166015625,3876.053955078125,14554.09627109946,15788,
9480,0.34319037199020386,0.4894352853298187,3537.3251953125,3856.126708984375,14584.092176145052,15788,
9500,0.3494536876678467,0.5181713700294495,3615.721923828125,3911.58837890625,14674.581274887101,15788,14.004384183883667
9520,0.32637229561805725,0.4807368814945221,3447.84326171875,3791.327880859375,14694.5498722347,15788,
9540,0.34655648469924927,0.5094686150550842,3577.109619140625,3886.346923828125,14806.741048936874,15788,
9560,0.3325657844543457,0.49252891540527344,3546.408935546875,3881.489501953125,14949.27027840283,15788,
9580,0.3369188606739044,0.49886488914489746,3573.576904296875,3895.7265625,15000.350373608911,15788,
9600,0.3443012535572052,0.5044910311698914,3592.615234375,3897.581298828125,14977.878576929208,15788,
9620,0.33105331659317017,0.49270015954971313,3536.065673828125,3860.35546875,14981.379727232332,15788,
9640,0.3380151689052582,0.5034506916999817,3553.349609375,3875.12353515625,14904.21081771878,15788,
9660,0.34671223163604736,0.46403172612190247,3222.922607421875,3533.40185546875,14874.61301589317,15788,
9680,0.34481287002563477,0.4860793352127075,3527.1708984375,3857.8095703125,14861.087555460063,15788,
9700,0.3410995304584503,0.494817316532135,3503.290771484375,3829.44580078125,14897.593577598189,15788,
9720,0.3487088680267334,0.49064069986343384,3581.832275390625,3916.519775390625,14953.4313291027,15788,
9740,0.34776538610458374,0.49578046798706055,3578.084228515625,3892.0546875,14981.158338523423,15788,
9750,,,,,,,13.042175912857056
9760,0.33773273229599,0.5063436031341553,3516.310546875,3844.20556640625,14952.667322444882,15788,
9780,0.3079252243041992,0.4340592324733734,3067.467529296875,3498.633056640625,14904.39646435227,15788,
9800,0.3477484881877899,0.5023682117462158,3529.92431640625,3860.739990234375,14878.24915836351,15788,
9820,0.3525486886501312,0.5141135454177856,3605.80322265625,3898.947265625,14841.78745573308,15788,
9840,0.327494740486145,0.48423296213150024,3503.518798828125,3846.66796875,14722.335607460582,15788,
9860,0.34432119131088257,0.4724218547344208,3519.18798828125,3869.06689453125,14730.269071184955,15788,
9880,0.34444287419319153,0.500081479549408,3581.835205078125,3887.52001953125,14787.325427354444,15788,
9900,0.3357314169406891,0.4994722604751587,3568.690185546875,3880.472412109375,14791.386969791627,15788,
9920,0.3495631515979767,0.5181740522384644,3543.482421875,3878.097412109375,14793.41018413454,15788,
9940,0.3277001678943634,0.4889345169067383,3545.385498046875,3872.260498046875,14900.064224437243,15788,
9960,0.33521950244903564,0.4739033877849579,3445.500732421875,3804.144287109375,14868.138956144307,15788,
9980,0.34496787190437317,0.5144367218017578,3589.635986328125,3906.191650390625,14839.773802998901,15788,
10000,0.3193543553352356,0.46959131956100464,3475.375732421875,3823.607421875,14872.422351306883,15788,13.489792537689208
10020,0.30091536045074463,0.38058140873908997,2772.95166015625,3134.739501953125,14891.869883467363,15788,
10040,0.3172476291656494,0.3611348569393158,2391.893310546875,2641.188720703125,14890.909054404927,15788,
10060,0.31004881858825684,0.35683685541152954,2144.842041015625,2394.406005859375,14929.291487456103,15788,
10080,0.2997632324695587,0.32239797711372375,1937.508056640625,2178.586181640625,14946.379600697845,15788,
10100,0.28896528482437134,0.3028309941291809,1729.628662109375,1931.1341552734375,14943.133664630428,15788,
10120,0.29545605182647705,0.3166283667087555,1912.68017578125,2131.047119140625,14931.438247585287,15788,
10140,0.2951657474040985,0.3207937479019165,2016.2169189453125,2218.656494140625,14947.44767824085,15788,
10160,0.3027212619781494,0.33772051334381104,2029.5052490234375,2239.887939453125,14930.927717334156,15788,
10180,0.31524619460105896,0.3580482006072998,2206.6806640625,2414.018798828125,14923.287629172657,15788,
10200,0.3320826292037964,0.37848612666130066,2264.254150390625,2517.9814453125,14914.716038556413,15788,
10220,0.3064619302749634,0.3503628969192505,2072.61279296875,2359.737548828125,14929.67389635403,15788,
10240,0.31881874799728394,0.36845552921295166,2228.260009765625,2515.44287109375,14904.993941609187,15788,
10250,,,,,,,5.150550174713135
10260,0.32167765498161316,0.3826318383216858,2250.61474609375,2567.94677734375,14927.513820662927,15788,
10280,0.3208427131175995,0.36645761132240295,2333.717041015625,2671.70556640625,14875.18444528159,15788,
10300,0.31326359510421753,0.3527411222457886,2209.247314453125,2584.821044921875,14790.99787867119,15788,
10320,0.32228341698646545,0.36218637228012085,2195.56005859375,2546.359130859375,14795.501014681977,15788,
10340,0.321626752614975,0.36060163378715515,2142.3642578125,2510.701904296875,14810.490150173693,15788,
10360,0.3177996575832367,0.3468344509601593,2118.436767578125,2456.266357421875,14799.089696815252,15788,
10380,0.3212108612060547,0.3351036012172699,2023.2965087890625,2375.027099609375,14828.670009530424,15788,
10400,0.29622918367385864,0.30861321091651917,1845.132568359375,2236.267578125,14923.53114936524,15788,
10420,0.31665974855422974,0.332706093788147,2038.0010986328125,2376.691650390625,14874.49412604473,15788,
10440,0.3092253506183624,0.3225506842136383,1976.8802490234375,2309.486572265625,14832.14446001146,15788,
10460,0.3039700388908386,0.3085852861404419,1910.70263671875,2260.5048828125,14804.008482277235,15788,
10480,0.3093394637107849,0.3169504702091217,1903.560546875,2260.983642578125,14791.112795683282,15788,
10500,0.29657870531082153,0.31943076848983765,1878.7359619140625,2241.86181640625,14758.830550291257,15788,5.2206199884414675
10520,0.3121478855609894,0.32179176807403564,1928.7041015625,2245.7978515625,14825.610852454338,15788,
10540,0.3075685203075409,0.3206520974636078,1906.606201171875,2229.457275390625,14874.701114916617,15788,
10560,0.30460286140441895,0.32417041063308716,1901.738525390625,2227.033203125,14903.60017742584,15788,
10580,0.30008524656295776,0.3221798837184906,1909.495361328125,2272.60693359375,14929.93238646018,15788,
10600,0.2791917324066162,0.2878855764865875,1656.1236572265625,2102.989501953125,14854.717989683679,15788,
10620,0.3036455512046814,0.32741662859916687,1943.4957275390625,2343.788330078125,14747.711500742056,15788,
10640,0.3034459054470062,0.33253583312034607,1965.1829833984375,2348.894287109375,14679.150871673544,15788,
10660,0.30217307806015015,0.3286239206790924,1985.1087646484375,2399.12109375,14613.321191018877,15788,
10680,0.3083246350288391,0.3269032835960388,2063.787109375,2465.9365234375,14544.463599484465,15788,
10700,0.3147697448730469,0.3363857567310333,2093.605712890625,2510.9140625,14535.123639492424,15788,
10720,0.30895647406578064,0.3319031000137329,2053.06640625,2462.318359375,14538.130181627796,15788,
10740,0.3203744888305664,0.35638952255249023,2179.1220703125,2617.896484375,14520.819823082144,15788,
10750,,,,,,,5.226940774917603
10760,0.3201642334461212,0.36283478140830994,2255.769287109375,2662.126953125,14497.726794197108,15788,
10780,0.30419766902923584,0.34249672293663025,2225.758056640625,2681.875732421875,14533.639253698853,15788,
10800,0.29555848240852356,0.33456164598464966,2125.156005859375,2636.296142578125,14635.049595671691,15788,
10820,0.3192960321903229,0.3715057075023651,2215.247314453125,2665.993896484375,14725.873900050527,15788,
10840,0.3040089011192322,0.3584034740924835,2252.61767578125,2736.0283203125,14841.396864282538,15788,
10860,0.3113510012626648,0.3686617612838745,2269.773193359375,2752.400146484375,14863.697249011906,15788,
10880,0.3128538429737091,0.36849692463874817,2335.33447265625,2830.81103515625,14829.21629509558,15788,
10900,0.31236281991004944,0.37383589148521423,2314.0888671875,2732.93505859375,14823.19994707158,15788,
10920,0.30984529852867126,0.3655852973461151,2309.489013671875,2778.740234375,14789.48681696337,15788,
10940,0.3173758387565613,0.38566961884498596,2435.706787109375,2904.8310546875,14774.030571599687,15788,
10960,0.3139326870441437,0.38825803995132446,2443.580810546875,2911.315673828125,14884.660019171852,15788,
10980,0.3206930458545685,0.38903939723968506,2508.32568359375,2964.60498046875,14998.088005796859,15788,
11000,0.30682608485221863,0.38096433877944946,2529.687744140625,2988.66455078125,15040.317440423523,15788,5.186788725852966
11020,0.3087927997112274,0.37226414680480957,2553.7763671875,3045.04052734375,15087.471906710289,15788,
11040,0.3171773850917816,0.408076673746109,2601.363525390625,3055.498779296875,15109.801404012902,15788,
11060,0.3101259469985962,0.38897985219955444,2568.22900390625,3085.6494140625,15109.486567438096,15788,
11080,0.3068065047264099,0.3761261999607086,2498.723876953125,3049.263671875,15012.433034575335,15788,
11100,0.3117809593677521,0.41477081179618835,2676.877685546875,3137.7451171875,14952.353874712979,15788,
11120,0.3146606683731079,0.4111485779285431,2687.8564453125,3131.674072265625,14931.009689171027,15788,
11140,0.32134810090065,0.42213696241378784,2759.73095703125,3166.79345703125,14822.666862746599,15788,
11160,0.32195809483528137,0.4019692838191986,2739.309814453125,3175.50048828125,14847.54460750043,15788,
11180,0.31771743297576904,0.4053371548652649,2683.36474609375,3127.493896484375,14943.221465442057,15788,
11200,0.30813392996788025,0.4057520627975464,2615.646728515625,3106.873046875,14934.211472294322,15788,
11220,0.32425013184547424,0.42813345789909363,2898.274658203125,3275.390380859375,14909.648600103104,15788,
11240,0.3222338557243347,0.4284202754497528,2866.3759765625,3289.73681640625,14948.14853199568,15788,
11250,,,,,,,5.073916125297546
11260,0.3340076506137848,0.4452979564666748,2970.643798828125,3321.933349609375,14915.986814063745,15788,
11280,0.32156866788864136,0.43304717540740967,2917.787841796875,3355.063232421875,14946.730582690936,15788,
11300,0.3060329556465149,0.41728076338768005,2913.548095703125,3335.240478515625,15051.332819304063,15788,
11320,0.32160452008247375,0.4360053837299347,2949.9091796875,3382.492919921875,15130.078653288885,15788,
11340,0.3251367211341858,0.433730810880661,3008.0107421875,3392.01611328125,15246.981355613894,15788,
11360,0.3168335258960724,0.4178505837917328,2858.431884765625,3272.6474609375,15268.262671192508,15788,
11380,0.3203192353248596,0.4512833058834076,3100.609375,3492.361328125,15257.180526291053,15788,
11400,0.3324850797653198,0.45643311738967896,3127.549072265625,3508.85546875,15109.387519320553,15788,
11420,0.3322876989841461,0.45563507080078125,3112.403076171875,3484.153076171875,15005.171688763807,15788,
11440,0.3244004547595978,0.4454662799835205,3120.396484375,3493.768798828125,14916.01251843161,15788,
11460,0.3289688229560852,0.45700547099113464,3169.14306640625,3579.012451171875,14857.251218682728,15788,
11480,0.32344675064086914,0.44628867506980896,3109.865478515625,3487.573486328125,14752.232405900828,15788,
11500,0.31765252351760864,0.43751218914985657,3015.925048828125,3440.554931640625,14807.038374465435,15788,5.102473163604737
11520,0.3330253064632416,0.45302116870880127,3156.021484375,3566.609130859375,14845.752751208394,15788,
11540,0.31989505887031555,0.4514376223087311,3163.06201171875,3562.402099609375,14874.87626907714,15788,
11560,0.3243861198425293,0.44715866446495056,3097.373291015625,3502.053466796875,14881.798335631649,15788,
11580,0.3382921516895294,0.47175857424736023,3165.999755859375,3574.54150390625,14808.208213359965,15788,
11600,0.3191792070865631,0.4405777156352997,3177.31494140625,3561.005859375,14819.301564459209,15788,
11620,0.33324113488197327,0.464901328086853,3190.92529296875,3579.375,14824.551630037031,15788,
11640,0.31406277418136597,0.44803160429000854,3161.342529296875,3585.464111328125,14778.890875869973,15788,
11660,0.32309243083000183,0.45339375734329224,3202.728515625,3622.78466796875,14745.533068159646,15788,
11680,0.3366543650627136,0.4614880681037903,3202.5361328125,3606.5595703125,14860.56413108077,15788,
11700,0.3247890770435333,0.44749993085861206,3282.033935546875,3655.32568359375,14865.7722280196,15788,
11720,0.3236966133117676,0.45283693075180054,3197.479736328125,3600.1943359375,14856.392887180325,15788,
11740,0.30999377369880676,0.4447310268878937,3233.79541015625,3636.12060546875,14887.799043345594,15788,
11750,,,,,,,4.8138442754745485
11760,0.3309924900531769,0.46525320410728455,3276.126708984375,3647.468505859375,14929.118392774028,15788,
11780,0.3196122646331787,0.44554954767227173,3183.5341796875,3604.1591796875,14945.153161965867,15788,
11800,0.3304927945137024,0.46150845289230347,3281.9638671875,3671.972900390625,14975.795434058478,15788,
11820,0.33547917008399963,0.46828481554985046,3328.43701171875,3697.37548828125,15017.063141514052,15788,
11840,0.32220277190208435,0.453519731760025,3195.69189453125,3599.18798828125,15028.99764342055,15788,
11860,0.32949644327163696,0.4688834249973297,3193.29296875,3622.638427734375,15043.475191411642,15788,
11880,0.32437050342559814,0.45733174681663513,3235.036865234375,3622.973876953125,15033.540758722425,15788,
11900,0.3208869695663452,0.44515958428382874,3157.49072265625,3598.585693359375,15015.81320195582,15788,
11920,0.3269416391849518,0.478763222694397,3225.009033203125,3615.94677734375,15003.472846535777,15788,
11940,0.3330916464328766,0.4577009677886963,3193.134521484375,3589.808837890625,14936.428442556997,15788,
11960,0.3333454132080078,0.4617582857608795,3164.17822265625,3573.832275390625,14899.121627061864,15788,
11980,0.3123844563961029,0.4365357756614685,3127.527587890625,3566.5263671875,14873.28630174568,15788,
12000,0.3327470123767853,0.4562660753726959,3147.848388671875,3549.817626953125,14868.835465711583,15788,4.984368824958802
12020,0.3298030197620392,0.4525943994522095,3160.0712890625,3573.02197265625,14829.088757260954,15788,
12040,0.31365737318992615,0.45288726687431335,3128.541259765625,3520.90966796875,14882.118586971526,15788,
12060,0.3225901424884796,0.43741485476493835,3076.254150390625,3468.029541015625,14890.257791544016,15788,
12080,0.31801727414131165,0.43634775280952454,3057.143310546875,3488.12451171875,14937.584773014867,15788,
12100,0.3082563579082489,0.43928876519203186,3165.834228515625,3572.142333984375,14944.05657158604,15788,
12120,0.328103244304657,0.45023128390312195,3071.5693359375,3481.3330078125,14968.067351539423,15788,
12140,0.31067565083503723,0.42730027437210083,3102.7041015625,3494.964111328125,14973.215977317795,15788,
12160,0.3296465575695038,0.4532214403152466,3093.1474609375,3497.030029296875,15003.642402462956,15788,
12180,0.31229496002197266,0.4409404695034027,3102.5712890625,3509.09716796875,14999.4095966014,15788,
12200,0.31505897641181946,0.42899319529533386,2972.15869140625,3428.47314453125,14998.333960119453,15788,
12220,0.2996736168861389,0.4346342980861664,3016.232666015625,3474.734375,14993.653093378232,15788,
12240,0.3136797845363617,0.44656118750572205,3182.98583984375,3587.16455078125,15005.602165307611,15788,
12250,,,,,,,4.691296720504761
12260,0.31671851873397827,0.4566669166088104,3155.068603515625,3564.369384765625,14994.161170306526,15788,
12280,0.31120020151138306,0.4585396349430084,3219.842529296875,3624.030029296875,14979.198822696742,15788,
12300,0.3173944354057312,0.43362095952033997,3151.314208984375,3574.38916015625,14880.332839840798,15788,
12320,0.32739585638046265,0.4633300304412842,3287.516357421875,3661.3955078125,14836.891797844233,15788,
12340,0.3237701654434204,0.4617026150226593,3286.1318359375,3683.645263671875,14705.770305388674,15788,
12360,0.3204016089439392,0.459222674369812,3253.62890625,3652.28662109375,14601.38918984005,15788,
12380,0.3310866355895996,0.45555564761161804,3261.33251953125,3665.066162109375,14511.24372098061,15788,
12400,0.31227004528045654,0.4346735179424286,3131.102294921875,3569.34521484375,14529.177184360899,15788,
12420,0.3308975100517273,0.45036789774894714,3183.807861328125,3619.40478515625,14554.796672728024,15788,
12440,0.3214568495750427,0.4488580822944641,3099.07763671875,3514.091552734375,14599.129329484196,15788,
12460,0.3101806640625,0.4270223379135132,3178.212646484375,3647.508544921875,14616.926676174611,15788,
12480,0.3338545262813568,0.43182966113090515,3200.94970703125,3643.67333984375,14675.01913937181,15788,
12500,0.3237612545490265,0.4573066234588623,3163.298095703125,3642.81005859375,14697.11491825119,15788,4.788048815727234
12520,0.31716880202293396,0.45438653230667114,3234.014892578125,3675.61279296875,14742.70624657644,15788,
12540,0.3228508234024048,0.44021257758140564,3237.17822265625,3659.2041015625,14769.593788592567,15788,
12560,0.3298415541648865,0.43733394145965576,2975.71240234375,3359.48486328125,14833.703896910207,15788,
12580,0.33467811346054077,0.44189590215682983,3077.040283203125,3519.50341796875,14839.42884379992,15788,
12600,0.3266697824001312,0.45876872539520264,3172.70361328125,3592.675537109375,14850.48266758861,15788,
12620,0.3080814480781555,0.4285982847213745,3086.406005859375,3578.96826171875,14750.988815832008,15788,
12640,0.313475102186203,0.42623311281204224,3091.0966796875,3559.85107421875,14713.097379745184,15788,
12660,0.29902383685112,0.4013919532299042,3130.910888671875,3611.448974609375,14667.910357171259,15788,
12680,0.3330092132091522,0.45732375979423523,3198.229736328125,3631.482666015625,14596.456839325787,15788,
12700,0.3194339871406555,0.4464254379272461,3202.773681640625,3642.11962890625,14592.57831966001,15788,
12720,0.3080045282840729,0.4302944540977478,3071.536376953125,3509.17529296875,14659.911691356647,15788,
12740,0.3135223984718323,0.4560769498348236,3213.18408203125,3652.52490234375,14707.072697454074,15788,
12750,,,,,,,4.761143755912781
12760,0.3195939064025879,0.4646487236022949,3294.599365234375,3662.541748046875,14753.351400461215,15788,
12780,0.33127522468566895,0.44659367203712463,3186.965576171875,3581.333984375,14730.789578219446,15788,
12800,0.32076016068458557,0.45352450013160706,3219.138671875,3629.971435546875,14710.16236907533,15788,
12820,0.32560229301452637,0.464802622795105,3209.393798828125,3626.271240234375,14666.470140148307,15788,
12840,0.3194221258163452,0.46224716305732727,3244.326416015625,3633.244140625,14633.42819523807,15788,
12860,0.3200720250606537,0.4649081230163574,3250.447998046875,3655.62109375,14591.138586316283,15788,
12880,0.3224813938140869,0.4436754286289215,3242.0380859375,3642.93896484375,14728.026075041304,15788,
12900,0.31746089458465576,0.4390585422515869,3245.0185546875,3696.2919921875,14799.974710902077,15788,
12920,0.3205251097679138,0.45056989789009094,3287.434814453125,3687.14013671875,14877.089153102514,15788,
12940,0.3097590208053589,0.4492919147014618,3201.4013671875,3640.162841796875,14972.14803370962,15788,
12960,0.33465656638145447,0.4851071536540985,3270.500732421875,3671.426513671875,14967.781448569825,15788,
12980,0.3080757260322571,0.44011062383651733,3149.713134765625,3596.068603515625,14865.885046914713,15788,
13000,0.32592061161994934,0.45747047662734985,3222.192626953125,3640.06103515625,14757.019538808094,15788,4.782778382301331
13020,0.3171344995498657,0.4456934928894043,3263.30615234375,3649.150634765625,14710.435276511726,15788,
13040,0.3217643201351166,0.43844282627105713,3297.836181640625,3686.82861328125,14615.457360983779,15788,
13060,0.3113349974155426,0.44354674220085144,3209.45703125,3626.838134765625,14639.884383559318,15788,
13080,0.3152333199977875,0.43612319231033325,3238.119140625,3664.1015625,14654.349585675605,15788,
13100,0.319100558757782,0.4578646123409271,3251.991943359375,3682.992431640625,14692.530511379411,15788,
13120,0.31630653142929077,0.45054125785827637,3217.302734375,3656.54150390625,14691.090455744743,15788,
13140,0.32566359639167786,0.44503962993621826,3206.894287109375,3634.37548828125,14620.916636916078,15788,
13160,0.32752659916877747,0.4626486301422119,3176.391357421875,3615.348388671875,14578.766013634404,15788,
13180,0.3290869891643524,0.4651738107204437,3241.06884765625,3626.78076171875,14579.494597757934,15788,
13200,0.31298044323921204,0.4311489462852478,3203.78955078125,3635.21240234375,14570.271265728046,15788,
13220,0.31164565682411194,0.4474600553512573,3263.443603515625,3683.97998046875,14548.153358524636,15788,
13240,0.32031702995300293,0.45602279901504517,3187.201171875,3594.1025390625,14665.01524752257,15788,
13250,,,,,,,4.835955476760864
13260,0.3187812566757202,0.4535923898220062,3244.09423828125,3652.03515625,14732.477895910893,15788,
13280,0.3125549852848053,0.4091395139694214,2752.35302734375,3137.103271484375,14730.802692265492,15788,
13300,0.30898556113243103,0.46055498719215393,3205.54736328125,3661.90087890625,14702.921445041251,15788,
13320,0.3155902922153473,0.44542229175567627,3207.953857421875,3641.511962890625,14683.757295713733,15788,
13340,0.3295237421989441,0.45789599418640137,3283.962890625,3687.787841796875,14692.811883437254,15788,
13360,0.32758042216300964,0.4563193619251251,3230.32275390625,3651.58447265625,14706.28532785187,15788,
13380,0.3091703951358795,0.4446186423301697,3194.088623046875,3630.536376953125,14732.875703387019,15788,
13400,0.3060591220855713,0.4504275321960449,3096.78173828125,3533.56884765625,14717.97076388344,15788,
13420,0.3148113489151001,0.4503009021282196,3311.6826171875,3679.06298828125,14708.181015365644,15788,
13440,0.31919291615486145,0.4491967558860779,3260.275146484375,3676.204345703125,14660.93527944566,15788,
13460,0.3204669952392578,0.4626077711582184,3210.4384765625,3643.438232421875,14561.556619809373,15788,
13480,0.3105316162109375,0.45302391052246094,3225.532958984375,3633.198974609375,14536.54208377848,15788,
13500,0.3227006196975708,0.47163262963294983,3272.699462890625,3676.23486328125,14557.99601651691,15788,4.875718593597412
13520,0.32250308990478516,0.4569070637226105,3283.47412109375,3664.39453125,14679.611721499688,15788,
13540,0.3316442668437958,0.4841352105140686,3298.188232421875,3670.2587890625,14727.253145990937,15788,
13560,0.2923163175582886,0.4010258913040161,2884.411376953125,3402.478515625,14769.722690216517,15788,
13580,0.30514341592788696,0.4196293354034424,3178.8466796875,3632.961181640625,14745.065594270822,15788,
13600,0.30632469058036804,0.4199240803718567,3054.729248046875,3574.11767578125,14753.833056259522,15788,
13620,0.31100279092788696,0.4374299943447113,3154.6533203125,3585.6376953125,14646.032407668912,15788,
13640,0.32216668128967285,0.4507993459701538,3158.13525390625,3646.9404296875,14605.569390341312,15788,
13660,0.33930522203445435,0.4685089886188507,3265.1240234375,3635.51318359375,14571.06534995174,15788,
13680,0.31573835015296936,0.4382459819316864,3272.330078125,3688.420166015625,14576.195719428713,15788,
13700,0.32274091243743896,0.4627075493335724,3285.835205078125,3687.18896484375,14569.690119125094,15788,
13720,0.28662073612213135,0.3865406811237335,2648.07861328125,3178.29638671875,14571.248854523848,15788,
13740,0.31126999855041504,0.4410674571990967,3255.0458984375,3703.7861328125,14558.505236626857,15788,
13750,,,,,,,4.909390068054199
13760,0.3038422465324402,0.44411617517471313,3151.7890625,3621.860595703125,14598.183189662894,15788,
13780,0.3296416103839874,0.46426644921302795,3259.10595703125,3666.908935546875,14493.858499650822,15788,
13800,0.3182750940322876,0.4317794144153595,3191.892333984375,3623.320068359375,14360.970904934798,15788,
13820,0.32101699709892273,0.46568235754966736,3242.03271484375,3653.406005859375,14238.536278169331,15788,
13840,0.331599622964859,0.4600534737110138,3328.57666015625,3706.0576171875,14129.96875967001,15788,
13860,0.3148272931575775,0.45960673689842224,3308.468017578125,3708.31591796875,14001.062338176174,15788,
13880,0.3255774974822998,0.4505593776702881,3257.519287109375,3679.72509765625,14025.291581552807,15788,
13900,0.3112652897834778,0.43434271216392517,3212.36181640625,3654.2744140625,14044.489797433373,15788,
13920,0.3224523365497589,0.45650923252105713,3224.626708984375,3660.43896484375,14107.55713008135,15788,
13940,0.32393842935562134,0.46009087562561035,3205.27197265625,3636.36083984375,14085.422476700543,15788,
13960,0.2984640300273895,0.41518858075141907,2977.728271484375,3481.49072265625,14074.710782713351,15788,
13980,0.3026343584060669,0.4394511878490448,3176.300048828125,3621.7236328125,14051.428055509827,15788,
14000,0.3163537085056305,0.44967538118362427,3233.78076171875,3692.1513671875,14076.349208019714,15788,4.704109835624695
14020,0.3024190664291382,0.4351637065410614,3154.83154296875,3634.30810546875,14145.766095961244,15788,
14040,0.31066960096359253,0.4720470905303955,3287.549072265625,3678.46875,14291.010348919383,15788,
14060,0.3138222098350525,0.4458039402961731,3231.25,3634.86767578125,14409.311439009052,15788,
14080,0.31528806686401367,0.45158296823501587,3173.1123046875,3623.87353515625,14533.897619444371,15788,
14100,0.312296986579895,0.43331336975097656,3256.1435546875,3706.484130859375,14602.556164044634,15788,
14120,0.3066265285015106,0.46316322684288025,3227.27734375,3613.218017578125,14512.511504571185,15788,
14140,0.31638526916503906,0.4640022814273834,3262.98046875,3691.664794921875,14414.381320995395,15788,
14160,0.31662002205848694,0.4549320638179779,3279.918701171875,3699.269775390625,14341.441256347087,15788,
14180,0.3036544620990753,0.4341028332710266,3124.413818359375,3607.31494140625,14250.010560461627,15788,
14200,0.2891007363796234,0.4191519021987915,3102.10498046875,3564.181640625,14204.441186408858,15788,
14220,0.29998254776000977,0.4263680577278137,3105.814697265625,3590.2607421875,14206.131975043976,15788,
14240,0.3074388802051544,0.43825700879096985,3204.710205078125,3654.270751953125,14229.686608571303,15788,
14250,,,,,,,4.636409711837769
14260,0.317121297121048,0.4460133910179138,3259.44580078125,3660.346435546875,14252.485368513679,15788,
14280,0.2977299988269806,0.39754438400268555,2893.5517578125,3430.03515625,14325.163106241329,15788,
14300,0.3005603849887848,0.4366023540496826,3212.7939453125,3675.32177734375,14421.745242966068,15788,
14320,0.2914271652698517,0.40158775448799133,2685.74560546875,3231.1416015625,14570.825219856963,15788,
14340,0.3066650331020355,0.4521428942680359,3205.827392578125,3643.49169921875,14729.906868111662,15788,
14360,0.3276909291744232,0.4578942060470581,3249.33984375,3682.99560546875,14856.126088636101,15788,
14380,0.3185803294181824,0.45747414231300354,3275.132080078125,3687.18310546875,14963.505208984385,15788,
14400,0.3159039318561554,0.43252789974212646,3228.082275390625,3650.672119140625,15082.518753375354,15788,
14420,0.3277158737182617,0.43928155303001404,3087.528076171875,3532.544921875,15054.05101740058,15788,
14440,0.3259696662425995,0.45261403918266296,3332.62548828125,3698.181884765625,14938.832717845595,15788,
14460,0.3144276738166809,0.447936087846756,3168.970703125,3620.616455078125,14999.012231632629,15788,
14480,0.30889761447906494,0.41838139295578003,2948.23779296875,3416.56787109375,15029.594398659392,15788,
14500,0.3180904984474182,0.4665840268135071,3266.900146484375,3674.742431640625,15027.191919778455,15788,4.660078144073486
14520,0.3117307722568512,0.4487331509590149,3192.921875,3600.9951171875,15121.043303324448,15788,
14540,0.3319273293018341,0.467672735452652,3191.69482421875,3577.634033203125,15260.032405943879,15788,
14560,0.32389143109321594,0.46803373098373413,3280.974365234375,3654.23583984375,15266.806031858028,15788,
14580,0.32754752039909363,0.47312358021736145,3263.604736328125,3666.1826171875,15272.117700744828,15788,
14600,0.32551971077919006,0.46994099020957947,3331.013916015625,3690.511474609375,15283.551060429469,15788,
14620,0.3253316879272461,0.4490630328655243,3289.1181640625,3702.2841796875,15231.116382311942,15788,
14640,0.32190120220184326,0.4452438950538635,3247.598388671875,3659.26953125,15182.730057238496,15788,
14660,0.32732975482940674,0.4694868326187134,3322.3642578125,3698.103271484375,15152.17233750342,15788,
14680,0.33121806383132935,0.46907901763916016,3321.832275390625,3702.142822265625,15049.94595020667,15788,
14700,0.31335219740867615,0.4499637186527252,3286.25341796875,3674.945068359375,15021.982012858294,15788,
14720,0.3077352046966553,0.4403005838394165,3211.946533203125,3610.982666015625,15052.760142258707,15788,
14740,0.3135921061038971,0.46289893984794617,3194.59130859375,3647.64697265625,15110.674645037401,15788,
14750,,,,,,,4.669147253036499
14760,0.31484249234199524,0.4597667157649994,3296.00634765625,3701.315185546875,15137.636231108527,15788,
14780,0.3224191963672638,0.4650404155254364,3303.87255859375,3672.0517578125,15252.801370219673,15788,
14800,0.31759124994277954,0.4642902910709381,3248.48046875,3673.08447265625,15275.741971069896,15788,
14820,0.3112385869026184,0.4511982798576355,3250.9189453125,3643.001708984375,15268.848372629784,15788,
14840,0.31159672141075134,0.4604615867137909,3270.586669921875,3680.54052734375,15261.066631516582,15788,
14860,0.3194971978664398,0.4537958800792694,3302.2626953125,3675.880615234375,15245.36242072085,15788,
14880,0.3124290704727173,0.458037406206131,3285.77587890625,3681.093017578125,15183.994681848593,15788,
14900,0.2967012822628021,0.4314744174480438,3141.97705078125,3605.58740234375,15178.619635884672,15788,
14920,0.3137572705745697,0.44580188393592834,3190.819091796875,3646.140625,15200.616117640264,15788,
14940,0.29657021164894104,0.43063628673553467,3028.664794921875,3516.15185546875,15218.808181103754,15788,
14960,0.3111312985420227,0.44926968216896057,3261.00537109375,3676.103271484375,15234.22102994685,15788,
14980,0.30988410115242004,0.44926613569259644,3256.232666015625,3682.391845703125,15286.593972408795,15788,
15000,0.3005513548851013,0.4558444619178772,3268.130615234375,3690.999267578125,15285.40842192931,15788,4.6232760667800905
15020,0.3252161741256714,0.47264423966407776,3328.5869140625,3699.733154296875,15262.631165105715,15788,
15040,0.305963397026062,0.46626079082489014,3272.18994140625,3689.31982421875,15230.387459593712,15788,
15060,0.31273460388183594,0.4566473364830017,3275.91015625,3707.408935546875,15221.015711520165,15788,
15080,0.33538782596588135,0.47451311349868774,3314.477783203125,3709.329345703125,15146.448054427656,15788,
15100,0.30514201521873474,0.4450362026691437,3200.435791015625,3663.68701171875,15127.97944663778,15788,
15120,0.30987849831581116,0.44656550884246826,3208.75048828125,3626.99658203125,15129.672395155645,15788,
15140,0.32699689269065857,0.4848361015319824,3353.799560546875,3695.553955078125,15137.54937562648,15788,
15160,0.31327366828918457,0.4523891806602478,3303.6484375,3699.3203125,15141.971818467544,15788,
15180,0.3124854564666748,0.43352556228637695,3296.37158203125,3704.020751953125,15220.84752376789,15788,
15200,0.3162132799625397,0.4619203805923462,3181.80078125,3656.285400390625,15233.684505207068,15788,
15220,0.3070598542690277,0.4350302815437317,3188.236328125,3644.44384765625,15243.075714892602,15788,
15240,0.32016506791114807,0.4641511142253876,3304.91015625,3706.30078125,15267.038505744044,15788,
15250,,,,,,,4.595626854896546
15260,0.3228326141834259,0.4698396623134613,3307.6201171875,3699.2978515625,15254.02508518427,15788,
15280,0.32110729813575745,0.46161964535713196,3326.55908203125,3704.808837890625,15241.528281984472,15788,
15300,0.32108554244041443,0.45858991146087646,3326.08984375,3696.01611328125,15214.794659352623,15788,
15320,0.31931984424591064,0.4477420449256897,3279.128173828125,3695.5,15226.92612044905,15788,
15340,0.29670625925064087,0.420326292514801,2988.48486328125,3411.673095703125,15208.481891623629,15788,
15360,0.3203110098838806,0.4549988806247711,3271.83056640625,3623.922119140625,15237.244513069018,15788,
15380,0.3250374495983124,0.45283234119415283,3337.31494140625,3714.33642578125,15239.517842120189,15788,
15400,0.3151165246963501,0.4480040967464447,3279.428955078125,3680.094970703125,15267.105447906633,15788,
15420,0.3195086419582367,0.4562101662158966,3353.23583984375,3716.26513671875,15260.166329233267,15788,
15440,0.3351965546607971,0.4640616476535797,3323.24658203125,3692.76513671875,15244.420048081858,15788,
15460,0.31358519196510315,0.45826053619384766,3260.71533203125,3679.32421875,15234.003113505272,15788,
15480,0.29352888464927673,0.4165155589580536,3106.598876953125,3568.983642578125,15208.086457465262,15788,
15500,0.31674039363861084,0.4672386050224304,3273.33203125,3645.951904296875,15092.590094437373,15788,4.606150817871094
15520,0.2943629026412964,0.43289023637771606,3180.36328125,3633.59228515625,14996.209112838584,15788,
15540,0.32409054040908813,0.44909489154815674,3239.74609375,3635.91650390625,14998.338056455672,15788,
15560,0.309940367937088,0.4601169526576996,3235.9326171875,3621.1298828125,14991.541340821266,15788,
15580,0.3120690584182739,0.4536183774471283,3220.5947265625,3637.348388671875,15022.83777579169,15788,
15600,0.31974759697914124,0.4443035423755646,3227.925048828125,3597.059326171875,15115.711941613361,15788,
15620,0.30698162317276,0.4424448013305664,3176.892333984375,3622.70361328125,15159.721313274298,15788,
15640,0.3367137312889099,0.46779534220695496,3232.106201171875,3604.577880859375,15165.565223428206,15788,
15660,0.2990055978298187,0.4623772203922272,3127.3427734375,3541.226318359375,15185.513350560272,15788,
15680,0.31672582030296326,0.47101321816444397,3229.4892578125,3626.81201171875,15190.213679124814,15788,
15700,0.3218750059604645,0.44341564178466797,3245.56005859375,3634.57861328125,15221.641370051319,15788,
15720,0.31863319873809814,0.4545154571533203,3178.313232421875,3576.049560546875,15261.849386013455,15788,
15740,0.28763359785079956,0.3883426785469055,2857.239501953125,3264.34619140625,15276.459588644564,15788,
15750,,,,,,,4.735831785202026
15760,0.32405245304107666,0.4446435868740082,3168.81591796875,3591.49853515625,15275.678570384554,15788,
15780,0.3134574592113495,0.44689247012138367,3290.60791015625,3689.599853515625,15280.634925527273,15788,
15800,0.2956370413303375,0.4090760052204132,3154.1708984375,3634.036376953125,15243.707910888163,15788,
15820,0.31360504031181335,0.4452614188194275,3216.287841796875,3638.008544921875,15224.204285455433,15788,
15840,0.3197185695171356,0.46514999866485596,3247.998779296875,3648.027099609375,15216.675201667074,15788,
15860,0.3086009919643402,0.4508397579193115,3273.79736328125,3652.404052734375,15194.53127625793,15788,
15880,0.3231271803379059,0.45569294691085815,3290.509033203125,3677.176025390625,15119.329038579956,15788,
15900,0.3057275414466858,0.4442131817340851,3192.17041015625,3602.898193359375,15153.974672836775,15788,
15920,0.3168560266494751,0.4287549555301666,3150.877685546875,3589.161376953125,15159.05104422977,15788,
15940,0.30436933040618896,0.45022082328796387,3243.52783203125,3627.279296875,15155.934232981508,15788,
15960,0.3209514617919922,0.4672815799713135,3210.337646484375,3622.1962890625,15157.930543923645,15788,
15980,0.31454628705978394,0.44065096974372864,3171.339599609375,3603.91650390625,15221.871207388216,15788,
16000,0.31864994764328003,0.45103007555007935,3194.638427734375,3561.66943359375,15225.202322688117,15788,4.415682256221771
16020,0.31507590413093567,0.44998249411582947,3235.12841796875,3630.479736328125,15249.170304253586,15788,
16040,0.3174181580543518,0.4549854099750519,3263.648681640625,3671.9560546875,15265.834757832605,15788,
16060,0.3264102637767792,0.4649355113506317,3316.442626953125,3686.06201171875,15290.494855030793,15788,
16080,0.3225482106208801,0.45893555879592896,3314.43310546875,3676.915771484375,15291.502504665328,15788,
16100,0.32025909423828125,0.45727288722991943,3263.041748046875,3652.28955078125,15281.834917221022,15788,
16120,0.3001607060432434,0.42116889357566833,2922.164306640625,3348.354736328125,15279.228434171046,15788,
16140,0.31237009167671204,0.44131720066070557,3281.43798828125,3683.292724609375,15269.358685479172,15788,
16160,0.3142513930797577,0.44576889276504517,3276.343994140625,3702.927978515625,15239.260256102876,15788,
16180,0.3123886287212372,0.44270581007003784,3292.822265625,3713.0986328125,15233.922135989536,15788,
16200,0.3101937472820282,0.4561077654361725,3318.349609375,3709.831298828125,15237.284503047045,15788,
16220,0.288571298122406,0.42285794019699097,3171.002685546875,3652.993896484375,15231.640625438162,15788,
16240,0.31393277645111084,0.44378483295440674,3288.976806640625,3676.86572265625,15194.463301628444,15788,
16250,,,,,,,4.389551317691803
16260,0.3229164779186249,0.4581303894519806,3305.82421875,3678.697265625,15201.258939946078,15788,
16280,0.3121103346347809,0.4520670771598816,3278.509521484375,3699.459228515625,15170.213503250994,15788,
16300,0.3147236704826355,0.45594802498817444,3268.536865234375,3686.526123046875,15153.593442527414,15788,
16320,0.30589529871940613,0.4498632550239563,3219.34423828125,3667.779052734375,15095.680432061385,15788,
16340,0.30183860659599304,0.4526410698890686,3271.853759765625,3682.27734375,15058.848829529159,15788,
16360,0.32252880930900574,0.4525066912174225,3269.676025390625,3688.95703125,15048.54523899953,15788,
16380,0.3208012282848358,0.4510752558708191,3296.506591796875,3694.69140625,15088.369213270915,15788,
16400,0.3154934048652649,0.4356200098991394,3144.23193359375,3545.5869140625,15107.390818520162,15788,
16420,0.3185878098011017,0.43609607219696045,3274.28515625,3651.078369140625,15117.8214873141,15788,
16440,0.30376893281936646,0.4516400992870331,3273.78271484375,3666.670654296875,15189.842742173154,15788,
16460,0.3034059703350067,0.42112991213798523,3164.682861328125,3614.72802734375,15196.121408802612,15788,
16480,0.309111624956131,0.4395730495452881,3248.302734375,3667.408935546875,15161.69442909391,15788,
16500,0.3083638548851013,0.45367345213890076,3363.42919921875,3722.732421875,15063.68870378186,15788,4.704151916503906
16520,0.3143969774246216,0.4623299837112427,3298.328369140625,3669.034423828125,15030.767988465934,15788,
16540,0.3229048252105713,0.47189992666244507,3357.052490234375,3714.145751953125,15020.633846718982,15788,
16560,0.3093727231025696,0.43258869647979736,3019.781494140625,3417.7783203125,15016.184389928909,15788,
16580,0.3197219967842102,0.47013023495674133,3295.26708984375,3668.14697265625,15030.867757297197,15788,
16600,0.31866949796676636,0.46966689825057983,3308.766845703125,3659.6123046875,15062.859776221521,15788,
16620,0.29648053646087646,0.4389413297176361,3090.49951171875,3559.00390625,15063.950066539725,15788,
16640,0.3355473279953003,0.47726601362228394,3303.756591796875,3684.6787109375,15061.127764722067,15788,
16660,0.3066342771053314,0.46008428931236267,3312.756591796875,3690.922607421875,15078.686465708966,15788,
16680,0.292004257440567,0.4113568663597107,3174.487548828125,3642.570068359375,15098.079839639353,15788,
16700,0.3130554258823395,0.4392293393611908,3280.889892578125,3682.65380859375,15127.410272291429,15788,
16720,0.25125154852867126,0.3189711272716522,2402.010009765625,3038.6240234375,15217.89404802486,15788,
16740,0.30157148838043213,0.43009307980537415,3140.082763671875,3623.6640625,15175.95693420399,15788,
16750,,,,,,,4.593770039081574
16760,0.30333250761032104,0.4325779676437378,3221.333251953125,3676.666748046875,15193.375430818061,15788,
16780,0.29622021317481995,0.4505275785923004,3242.833251953125,3645.653564453125,15221.26288686932,15788,
16800,0.31594163179397583,0.45404329895973206,3262.589111328125,3653.681396484375,15277.356889934723,15788,
16820,0.3041386306285858,0.45897555351257324,3315.211669921875,3712.538330078125,15250.193175327104,15788,
16840,0.3092707395553589,0.44259408116340637,3334.45654296875,3705.057373046875,15295.870300057752,15788,
16860,0.32262560725212097,0.47478777170181274,3350.68701171875,3744.104248046875,15249.886452431441,15788,
16880,0.3206848204135895,0.45910918712615967,3258.99462890625,3701.5927734375,15200.078024739774,15788,
16900,0.3240092396736145,0.4559982120990753,3266.971435546875,3697.98291015625,15124.062415590226,15788,
16920,0.3288622796535492,0.47892728447914124,3339.73828125,3750.283935546875,15135.605842858895,15788,
16940,0.29807552695274353,0.4308930039405823,3198.8798828125,3655.746826171875,15133.499371413403,15788,
16960,0.2991943955421448,0.4455130398273468,3121.616455078125,3564.34814453125,15164.926228025452,15788,
16980,0.30848556756973267,0.46873730421066284,3350.366943359375,3733.39453125,15188.387913743307,15788,
17000,0.312193363904953,0.46053242683410645,3259.8349609375,3669.49462890625,15253.427290383079,15788,4.779757738113403
17020,0.3140394389629364,0.44804954528808594,3290.25927734375,3666.16357421875,15283.168011516438,15788,
17040,0.28241732716560364,0.41424161195755005,3113.563232421875,3641.111083984375,15319.530571954918,15788,
17060,0.30976563692092896,0.45749446749687195,3275.0517578125,3711.637451171875,15335.894491676183,15788,
17080,0.3200186491012573,0.4697990119457245,3256.14453125,3684.521728515625,15294.325558437267,15788,
17100,0.3098113238811493,0.44154226779937744,3216.955810546875,3595.022216796875,15298.516723341772,15788,
17120,0.31521937251091003,0.454709529876709,3208.92626953125,3654.564453125,15289.389921534741,15788,
17140,0.3092041313648224,0.4415140450000763,3223.56201171875,3676.487548828125,15277.960700315787,15788,
17160,0.3108780086040497,0.45152825117111206,3290.49658203125,3706.326171875,15265.476470375479,15788,
17180,0.3054349720478058,0.4336293935775757,3113.257080078125,3516.37646484375,15315.27185565688,15788,
17200,0.3041536211967468,0.41353216767311096,3204.892578125,3642.665771484375,15309.921525266589,15788,
17220,0.31140467524528503,0.46340081095695496,3353.6826171875,3712.484130859375,15300.971906870887,15788,
17240,0.30326661467552185,0.4173748195171356,3090.414794921875,3519.681396484375,15299.02530198428,15788,
17250,,,,,,,4.499868154525757
17260,0.3260990083217621,0.4698854386806488,3332.353271484375,3708.485595703125,15278.344382032297,15788,
17280,0.31967347860336304,0.43918126821517944,3281.672607421875,3699.5888671875,15270.06403056745,15788,
17300,0.2828904986381531,0.40720099210739136,3036.528076171875,3548.66064453125,15264.829861813021,15788,
17320,0.32150354981422424,0.46242380142211914,3286.34619140625,3703.8232421875,15280.409161845326,15788,
17340,0.31094664335250854,0.4539095163345337,3276.274658203125,3684.999267578125,15304.540700647107,15788,
17360,0.30007705092430115,0.4499196708202362,3307.995849609375,3724.2958984375,15335.832006278331,15788,
17380,0.3107764422893524,0.4502119719982147,3356.967529296875,3749.98486328125,15359.688851281899,15788,
17400,0.3232913315296173,0.44306865334510803,3276.471923828125,3687.81689453125,15354.225233616133,15788,
17420,0.2830336093902588,0.39694392681121826,3071.8857421875,3591.992919921875,15327.187464513601,15788,
17440,0.3121838867664337,0.44286826252937317,3282.060302734375,3696.346435546875,15310.798121244668,15788,
17460,0.3077147901058197,0.4455737769603729,3276.183349609375,3699.143310546875,15285.139158154247,15788,
17480,0.31181609630584717,0.44924044609069824,3217.770751953125,3665.079345703125,15253.558939485436,15788,
17500,0.2929331362247467,0.43790754675865173,3181.111328125,3622.91064453125,15248.772477202641,15788,4.593579983711242
17520,0.3077719807624817,0.45161858201026917,3202.65966796875,3634.744140625,15209.583592471123,15788,
17540,0.3052683472633362,0.4611974358558655,3269.94873046875,3704.442626953125,15191.192555861291,15788,
17560,0.3171326518058777,0.4656587839126587,3300.216552734375,3709.4921875,15197.302435015328,15788,
17580,0.3170122802257538,0.4609581232070923,3257.7822265625,3653.5673828125,15191.171553626464,15788,
17600,0.30991408228874207,0.452033132314682,3307.14111328125,3701.389892578125,15184.019255150506,15788,
17620,0.2987959384918213,0.4363582134246826,3217.28369140625,3657.58935546875,15219.457996597306,15788,
17640,0.32273781299591064,0.4727379381656647,3299.9326171875,3676.67578125,15222.290681825509,15788,
17660,0.3013773262500763,0.4625250995159149,3261.686767578125,3679.113037109375,15239.524963618263,15788,
17680,0.3213343918323517,0.4480668604373932,3326.4296875,3702.440185546875,15248.893604835237,15788,
17700,0.3109740614891052,0.45145508646965027,3156.943603515625,3580.792724609375,15267.194500111393,15788,
17720,0.3209245502948761,0.47633564472198486,3316.804931640625,3698.45947265625,15302.0162470822,15788,
17740,0.3207206130027771,0.4605453312397003,3349.333984375,3715.49658203125,15334.530897918106,15788,
17750,,,,,,,4.4032645463943485
17760,0.31893685460090637,0.4581666886806488,3335.709228515625,3690.7080078125,15342.818827313364,15788,
17780,0.3246704936027527,0.45762965083122253,3297.94189453125,3684.14404296875,15312.894210358729,15788,
17800,0.3233261704444885,0.464167058467865,3295.615966796875,3667.504150390625,15325.739081075139,15788,
17820,0.3098312020301819,0.44771841168403625,3294.979248046875,3674.322265625,15286.637342251088,15788,
17840,0.28925758600234985,0.42206794023513794,2925.788330078125,3326.3447265625,15277.066379683978,15788,
17860,0.3164905607700348,0.4500734806060791,3269.427490234375,3664.622314453125,15272.050365318753,15788,
17880,0.2949155569076538,0.4274906814098358,3043.234375,3481.214599609375,15253.935096154548,15788,
17900,0.3096327483654022,0.47232234477996826,3253.169921875,3650.37060546875,15223.86950647348,15788,
17920,0.3102027475833893,0.4562593698501587,3258.385009765625,3632.027099609375,15266.321961644637,15788,
17940,0.31228500604629517,0.4543854594230652,3300.087158203125,3655.8271484375,15260.036298077848,15788,
17960,0.3129675090312958,0.45778411626815796,3313.30859375,3696.278076171875,15235.891905471743,15788,
17980,0.296168714761734,0.44534578919410706,3335.1318359375,3711.802734375,15285.712354602972,15788,
18000,0.309619665145874,0.4667283594608307,3294.902587890625,3690.042236328125,15315.764976372622,15788,4.55660080909729
18020,0.3030853569507599,0.46808600425720215,3329.685546875,3722.264892578125,15288.076410329879,15788,
18040,0.32014402747154236,0.4548594057559967,3347.67919921875,3723.858642578125,15279.784694109127,15788,
18060,0.3165750503540039,0.45416656136512756,3315.1376953125,3705.932373046875,15289.363501704887,15788,
18080,0.30456966161727905,0.43746039271354675,3287.633056640625,3707.60205078125,15288.56721147807,15788,
18100,0.3266173303127289,0.47267526388168335,3344.082763671875,3707.69189453125,15272.669017725208,15788,
18120,0.3298395872116089,0.46476975083351135,3358.570556640625,3724.38232421875,15270.901236830427,15788,
18140,0.3173620402812958,0.44343018531799316,3261.923828125,3679.2802734375,15261.175262540943,15788,
18160,0.3129524886608124,0.44677793979644775,3190.00146484375,3650.36181640625,15198.60718117358,15788,
18180,0.30156180262565613,0.4306972324848175,3236.670654296875,3694.14453125,15180.653866059823,15788,
